Identifier,Repeat no,Display Name,Device identifier,Instance,Submission Date,Submitter,Duration,Form version,Does this WaterPoint fit the World Bank Metrics,"S7.2-3 Select County, sub-county and Ward - County","S7.2-3 Select County, sub-county and Ward - Sub-County","S7.2-3 Select County, sub-county and Ward - Ward",Name of the Water Point,S9.1 What entity was responsible for installation of this water point?,S8.1 In what year was this water point last rehabilitated (or installed if never rehabilitated)?,S10.1 What inventories have captured this water point in the past?,1.1 What source of drinking water is being observed?,S6.1 What is the source of the water?,S5.1 What type of technology is used to extract water?,"8.1. At the time of the visit, how functional is the hand pump?",8.1.P Take a photo of the hand pump,--PHOTO--|Latitude,--PHOTO--|Longitude,--PHOTO--|Accuracy (m),FB8.1 How long did this question and photo take to answer?,9.1.1 What is the observable condition of the water intake?,9.11P Take a photo of the water intake,--PHOTO--|Latitude,--PHOTO--|Longitude,--PHOTO--|Accuracy (m),9.1.2 What is the observable condition of the water reservoir?,9.1.2P Take a photo of the water reservoir,--PHOTO--|Latitude,--PHOTO--|Longitude,--PHOTO--|Accuracy (m),9.1.3 What is the observable condition of the tap?,9.1.3P Take a photo of the tap,--PHOTO--|Latitude,--PHOTO--|Longitude,--PHOTO--|Accuracy (m),FB8.1 How long did you take to answer these last THREE questions and photos about the piped scheme?,129410023|4.3 What is the level of Flouride in the water? |Fluoride(mg/l),117340010|pH Reading|pH,139510007|Turbidity Reading|Turbidity(FAU),S2.1-2 GPS Location of the WaterPoint - Latitude,S2.1-2 GPS Location of the WaterPoint - Longitude,S2.1-2 GPS Location of the WaterPoint - Elevation,Photo of the WaterPoint,--PHOTO--|Latitude,--PHOTO--|Longitude,--PHOTO--|Accuracy (m)
sqtt-9fce-kwjp,1,njoguini/sweetwaters borehole,WB RM 4,111680027,30-08-2018 07:30:12 UTC,Diana Gachoka,00:06:39,,No,Laikipia,Laikipia East,Thingithu,njoguini/sweetwaters borehole,nawasco,2017,none,"Tube Well, Borehole",Ground Water - Borehole,Powered Pumps – Solar Pump,,,,,,1-3 Minutes,,,,,,,,,,,,,,,,0-5 Minutes,>2,7.95,0,-0.0036116666666666667,37.030743333333334,1902.2,https://akvoflow-140.s3.amazonaws.com/images/756cd1a9-4d9c-4ce5-aa63-d0d0ea192329.jpg,-0.003631667,37.030815,6.199999809
h1e1-hypj-drmj,1,yard green tech borehole,WB RM 4,143330063,30-08-2018 08:25:40 UTC,Diana Gachoka,00:06:50,,Yes,Laikipia,Laikipia East,Thingithu,yard green tech borehole,county government of laikipia,2015,water sampling from national water,"Tube Well, Borehole",Ground Water - Borehole,Powered Pumps – Solar Pump,,,,,,1-3 Minutes,,,,,,,,,,,,,,,,0-5 Minutes,1.77,7.83,0,-0.00555,36.979395,1847.3,https://akvoflow-140.s3.amazonaws.com/images/d9376d49-ce70-4ed8-ac01-0fd0ab932aa6.jpg,,,
1und-05hj-brch,1,Mburugutia hand pump,WB RM 4,141690031,30-08-2018 09:23:57 UTC,Diana Gachoka,00:09:49,,No,Laikipia,Laikipia East,Thingithu,Mburugutia hand pump,JICA,2017,None,"Tube Well, Borehole",Ground Water - Borehole,Handpump – Afridev,Functional,,,,,1-3 Minutes,,,,,,,,,,,,,,,,5-10 Minutes,1.39,7.19,0,-0.010743333333333332,36.96046333333334,1684.6,https://akvoflow-140.s3.amazonaws.com/images/75fbe66c-fdc7-4c9b-82b9-8c3d12430c9d.jpg,,,
92ym-ru2g-yxb4,1,Marura Dispensary Hand Pump,WB RM 4,147370032,30-08-2018 09:53:50 UTC,Diana Gachoka,00:08:31,,No,Laikipia,Laikipia North,Segera,Marura Dispensary Hand Pump,JICA,2018,None,"Tube Well, Borehole",Ground Water - Borehole,Handpump – Afridev,Functional,,,,,1-3 Minutes,,,,,,,,,,,,,,,,0-5 Minutes,>2,7.47,0,-0.004451666666666667,36.946571666666664,1782.9,https://akvoflow-140.s3.amazonaws.com/images/fcf71bd1-208e-4610-b6e2-a496d5ab9a26.jpg,,,
t9ba-175e-7g24,1,Weruini Primary hand pump,WB RM 4,115810047,30-08-2018 10:41:11 UTC,Diana Gachoka,00:10:25,,No,Laikipia,Laikipia East,Tigithi,Weruini Primary hand pump,JICA,2017,None,"Tube Well, Borehole",Ground Water - Borehole,Handpump – Afridev,Functional,,,,,1-3 Minutes,,,,,,,,,,,,,,,,0-5 Minutes,1.99,7.72,0,-0.04441666666666667,36.95178666666666,1843.7,https://akvoflow-140.s3.amazonaws.com/images/1cd78b3e-eecf-4b28-94f2-55ed64d3eb0d.jpg,,,
r9f8-b10t-dsm,1,tighithi secondary tank,WB RM 4,147350039,30-08-2018 11:55:39 UTC,Diana Gachoka,00:13:07,,No,Laikipia,Laikipia East,Tigithi,tighithi secondary tank,tigithi secondary,2018,water quality testing tambuzi farm,"Piped into compound, yard or plot",Ground Water - Borehole,Powered Pumps – Electrical (non-solar) Pump,,,,,,1-3 Minutes,Acceptable,,,,,Acceptable,,,,,Acceptable,,,,,5-10 Minutes,>2,7.62,0,-0.05620666666666666,36.945370000000004,1830.8,https://akvoflow-140.s3.amazonaws.com/images/81153651-eb02-4b94-9212-477c8ccd0c4b.jpg,,,
s3ds-yeeu-xb34,1,Thome Secondary School tank,WB RM 4,133530055,30-08-2018 12:31:26 UTC,Diana Gachoka,00:10:08,,No,Laikipia,Laikipia East,Tigithi,Thome Secondary School tank,Thome Secondary,2017,Water sampling wra,Public tap / standpipe,Surface Water – Flowing Stream/River,Powered Pumps – Diesel Pump,,,,,,1-3 Minutes,,,,,,,,,,,,,,,,0-5 Minutes,0.15,7.23,5,-0.07137166666666667,36.934378333333335,1997.4,https://akvoflow-140.s3.amazonaws.com/images/415ccd5e-4de2-4763-9540-ddd310d27029.jpg,,,
trv5-ku60-1888,1,thome secondary borehole,WB RM 4,127730052,30-08-2018 12:43:29 UTC,Diana Gachoka,00:03:36,,No,Laikipia,Laikipia East,Tigithi,thome secondary borehole,dont know,2017,water sampling wra,"Piped into compound, yard or plot",Ground Water - Borehole,Powered Pumps – Electrical (non-solar) Pump,,,,,,1-3 Minutes,Acceptable,,,,,Acceptable,,,,,Deficient,,,,,0-5 Minutes,>2,7.93,0,-0.07138666666666667,36.93436666666666,1937.8,https://akvoflow-140.s3.amazonaws.com/images/49279e74-7399-46d6-b471-c85bcbf1ff70.jpg,-0.071243333,36.93436,8.300000191
42tw-aec0-ypab,1,matanya borehole water project,WB RM 4,147360075,30-08-2018 13:41:55 UTC,Diana Gachoka,00:10:07,,Yes,Laikipia,Laikipia East,Tigithi,matanya borehole water project,national water and pipeline corporation,1999,none,Water kiosk,Ground Water - Borehole,Powered Pumps – Electrical (non-solar) Pump,,,,,,1-3 Minutes,,,,,,,,,,,,,,,,0-5 Minutes,>2,7.76,0,-0.06428833333333334,36.956450000000004,1812.1,https://akvoflow-140.s3.amazonaws.com/images/267ccc0f-214e-49d4-a058-7292872907d3.jpg,-0.064098333,36.95598333,11.30000019
s71s-rn39-72ub,1,Alime farm borehole,WB RM 4,141730001,31-08-2018 08:08:32 UTC,Diana Gachoka,00:08:10,,No,Laikipia,Laikipia East,Thingithu,Alime farm borehole,dont know,1985,netherlands water testing,"Tube Well, Borehole",Ground Water - Borehole,Don't Know,,,,,,1-3 Minutes,,,,,,,,,,,,,,,,0-5 Minutes,>2,8.13,0,-0.007693333333333333,37.029289999999996,1868.6,https://akvoflow-140.s3.amazonaws.com/images/cce7a7cf-c756-4265-925d-cc27a5bcc658.jpg,-0.007676667,37.02922167,6.300000191
354d-p487-ncba,1,sweetwaters market borehole,WB RM 4,131640077,31-08-2018 08:56:48 UTC,Diana Gachoka,00:17:03,,Yes,Laikipia,Laikipia East,Thingithu,sweetwaters market borehole,county government of laikipia,2015,public health_water sample,"Tube Well, Borehole",Ground Water - Borehole,Powered Pumps – Solar Pump,,,,,,1-3 Minutes,,,,,,,,,,,,,,,,0-5 Minutes,>2,8.26,1,-0.018653333333333334,37.01781166666667,1932.9,https://akvoflow-140.s3.amazonaws.com/images/776dc0d0-ede9-4d6f-aa26-cd58c9d251bf.jpg,-0.019316667,37.017545,11.19999981
uav5-7kgs-nfhn,1,Mirera Borehole,WB RM 4,147380001,31-08-2018 09:50:24 UTC,Diana Gachoka,00:05:16,,No,Laikipia,Laikipia East,Thingithu,Mirera Borehole,C.D.F,2017,None,"Tube Well, Borehole",Ground Water - Borehole,Powered Pumps – Solar Pump,,,,,,1-3 Minutes,,,,,,,,,,,,,,,,0-5 Minutes,1.48,7.85,0,-0.029436666666666667,37.003838333333334,1857.4,https://akvoflow-140.s3.amazonaws.com/images/565872c9-2d2d-4ed2-8185-37aad6f80767.jpg,,,
vums-x6t3-1jgq,1,mainge tanks,WB RM 4,123910006,31-08-2018 10:31:47 UTC,Diana Gachoka,00:05:33,,No,Laikipia,Laikipia East,Thingithu,mainge tanks,dont know,2017,none,Rainwater collection,Don’t Know,Tapstand – Standpipe,,,,,,3-5 Minutes,,,,,,,,,,,,,,,,0-5 Minutes,0.17,<6.5,1,-0.024316666666666667,36.99506833333333,1831.3,https://akvoflow-140.s3.amazonaws.com/images/04931d9b-bcff-49f7-a7a4-395a9f055b34.jpg,,,
yf5w-1p14-3nkk,1,Mainge farm borehole,WB RM 4,115820017,31-08-2018 10:46:58 UTC,Diana Gachoka,00:04:19,,No,Laikipia,Laikipia East,Thingithu,Mainge farm borehole,dont know,2011,none,"Tube Well, Borehole",Ground Water - Borehole,Powered Pumps – Solar Pump,,,,,,1-3 Minutes,,,,,,,,,,,,,,,,0-5 Minutes,1.15,7.95,0,-0.02471333333333333,36.99531,1869.7,https://akvoflow-140.s3.amazonaws.com/images/7ce89ad1-2798-4587-aaaa-3723e1dc948e.jpg,-0.024583333,36.99533667,12.39999962
h1pr-dpcd-sc08,1,chuma borehole,WB RM 4,141740005,31-08-2018 11:18:31 UTC,Diana Gachoka,00:03:40,,No,Laikipia,Laikipia East,Tigithi,chuma borehole,county government of laikipia,2014,none,"Tube Well, Borehole",Ground Water - Borehole,Powered Pumps – Diesel Pump,,,,,,1-3 Minutes,,,,,,,,,,,,,,,,0-5 Minutes,>2,7.99,0,-0.03238833333333333,36.98390666666667,1813.7,https://akvoflow-140.s3.amazonaws.com/images/52318982-f655-4965-bb16-e76510509d13.jpg,,,
ax40-esjc-rjxr,1,Thome- kiburuti (Male) Borehole project,WB RM 4,117590007,03-09-2018 08:15:06 UTC,Diana Gachoka,00:10:47,,Yes,Laikipia,Laikipia East,Tigithi,Thome- kiburuti (Male) Borehole project,JICA,2017,None,Public tap / standpipe,Ground Water - Borehole,Powered Pumps – Diesel Pump,,,,,,1-3 Minutes,,,,,,,,,,,,,,,,0-5 Minutes,>2,8.18,0,-0.10460666666666667,36.94687,1843.3,https://akvoflow-140.s3.amazonaws.com/images/b5356731-202f-4297-a927-31971981ecf2.jpg,-0.104568333,36.94685,5.900000095
4ujt-hrve-5pf5,1,Malek secondary standpipe,WB RM 4,145420012,03-09-2018 09:26:03 UTC,Diana Gachoka,00:03:38,,No,Laikipia,Laikipia East,Tigithi,Malek secondary standpipe,dont know,2016,none,Public tap / standpipe,Ground Water - Borehole,Powered Pumps – Solar Pump,,,,,,1-3 Minutes,,,,,,,,,,,,,,,,0-5 Minutes,>2,7.61,-0,-0.10567166666666666,36.95562833333334,1834.1,https://akvoflow-140.s3.amazonaws.com/images/ce0a960d-664d-400c-a2a8-113991f18fe8.jpg,,,
muua-k5v5-w1je,1,Thuo farm borehole,WB RM 4,115840027,03-09-2018 10:31:06 UTC,Diana Gachoka,00:10:29,,No,Laikipia,Laikipia East,Tigithi,Thuo farm borehole,paul thuo,2017,Wra water sampling,Public tap / standpipe,Ground Water - Borehole,Powered Pumps – Solar Pump,,,,,,1-3 Minutes,,,,,,,,,,,,,,,,0-5 Minutes,1.88,7.96,12,-0.13421666666666668,36.953986666666665,1971.9,https://akvoflow-140.s3.amazonaws.com/images/79af8c9a-13fa-4310-b24e-eda4b3f2a756.jpg,-0.134216667,36.95398667,10.19999981
4wbs-4r6k-fmen,1,Riacho community water project,WB RM 4,110950018,03-09-2018 11:17:18 UTC,Diana Gachoka,00:06:14,,Yes,Laikipia,Laikipia East,Tigithi,Riacho community water project,County Government of Laikipia,2018,water testing,Public tap / standpipe,Ground Water - Borehole,Powered Pumps – Diesel Pump,,,,,,1-3 Minutes,,,,,,,,,,,,,,,,0-5 Minutes,>2,8.26,0,-0.13240833333333332,36.90934166666667,1967.8,https://akvoflow-140.s3.amazonaws.com/images/96bd7228-6496-4461-b871-26b9c2ac4e1e.jpg,-0.132873333,36.90882667,10.69999981
2cw5-bf10-k1u3,1,mwakinya handpump,WB RM 4,127770032,03-09-2018 12:36:33 UTC,Diana Gachoka,00:05:10,,No,Laikipia,Laikipia East,Tigithi,mwakinya handpump,the community,2017,none,"Tube Well, Borehole",Ground Water - Borehole,Handpump – India Mark II,Partially Functional,,,,,1-3 Minutes,,,,,,,,,,,,,,,,0-5 Minutes,1.26,7.86,0,-0.10692499999999999,36.84115833333333,1911.4,https://akvoflow-140.s3.amazonaws.com/images/575646c8-a86e-44e5-8701-6a944c2f42d6.jpg,-0.106998333,36.84106,6
m7q9-2j00-4p9s,1,Nyakio community water system,WB RM 4,141800026,03-09-2018 13:06:57 UTC,Diana Gachoka,00:06:48,,No,Laikipia,Laikipia East,Tigithi,Nyakio community water system,mochael scotty,2013,None,Public tap / standpipe,Ground Water - Borehole,Powered Pumps – Solar Pump,,,,,,1-3 Minutes,,,,,,,,,,,,,,,,0-5 Minutes,0.90,8.22,0,-0.08078833333333332,36.84789333333333,1886.6,https://akvoflow-140.s3.amazonaws.com/images/f27c34c7-80dc-4d0d-bba8-dfb549489998.jpg,-0.080785,36.84790167,5.900000095
xahn-2ndp-793x,1,Kiambiriria Hand pump,WB RM 4,117580018,03-09-2018 13:46:22 UTC,Diana Gachoka,00:02:15,,No,Laikipia,Laikipia East,Tigithi,Kiambiriria Hand pump,dont know,2018,None,"Tube Well, Borehole",Ground Water - Borehole,Handpump – India Mark II,Functional,,,,,1-3 Minutes,,,,,,,,,,,,,,,,0-5 Minutes,2.00,7.85,0,-0.10870666666666667,36.87573666666666,1877.7,https://akvoflow-140.s3.amazonaws.com/images/0567468b-8f00-4ef8-9a72-63902efdfd75.jpg,,,
agje-8dcs-k2dk,1,Shalom Suguroi water project,WB RM 4,131680018,04-09-2018 11:09:07 UTC,Diana Gachoka,00:04:05,,No,Laikipia,Laikipia East,Ngobit,Shalom Suguroi water project,County government of Laikipia,2018,None,Water kiosk,Ground Water - Borehole,Powered Pumps – Diesel Pump,,,,,,1-3 Minutes,,,,,,,,,,,,,,,,0-5 Minutes,>2,7.63,3,-0.065385,36.65508,1648.3,https://akvoflow-140.s3.amazonaws.com/images/8b76ff34-ab92-45ae-a879-bb10403fbf9d.jpg,-0.063296667,36.65314,9.5
x63q-4f2x-nvrc,1,Samuel Gitau water tank,WB RM 4,141830003,04-09-2018 11:36:10 UTC,Diana Gachoka,00:04:37,,No,Laikipia,Laikipia East,Ngobit,Samuel Gitau water tank,Samuel Gitau,,2018,fetched from river and stored in tank,Surface Water – Flowing Stream/River,,,,,,,1-3 Minutes,,,,,,,,,,,,,,,,0-5 Minutes,0.13,8.23,0,-0.07840333333333334,36.649748333333335,2218.2,https://akvoflow-140.s3.amazonaws.com/images/2999054c-874f-4fb5-b8eb-d66c57085d1c.jpg,-0.078395,36.64993,11.19999981
tpm3-n7we-xx2y,1,Ihiga-ini water project,WB RM 4,119670001,04-09-2018 12:11:12 UTC,Diana Gachoka,00:08:55,,No,Laikipia,Laikipia East,Ngobit,Ihiga-ini water project,Ihiga-ini community,2017,none,Public tap / standpipe,Surface Water – Flowing Stream/River,Gravity,,,,,,1-3 Minutes,,,,,,,,,,,,,,,,0-5 Minutes,0.14,7.07,18,-0.08879,36.63200500000001,2219.3,https://akvoflow-140.s3.amazonaws.com/images/6417f333-1328-41e3-8e87-ee2e5edcac99.jpg,,,
uqm5-cuvt-xnka,1,Nyambogichi water project,WB RM 4,141830001,04-09-2018 12:43:01 UTC,Diana Gachoka,00:04:58,,Yes,Laikipia,Laikipia East,Ngobit,Nyambogichi water project,issaihs and company and jica,,None,resouvoir tank,Ground Water - Borehole,,,,,,,1-3 Minutes,,,,,,,,,,,,,,,,0-5 Minutes,1.61,7.64,0,-0.09399500000000001,36.63331166666667,2280.7,https://akvoflow-140.s3.amazonaws.com/images/3ecb52b6-191d-4839-8568-9130f010b9ed.jpg,-0.09394,36.633455,7.800000191
6fwy-jgkr-6wwr,1,Makutano Ngobit spring,WB RM 4,115880004,04-09-2018 13:55:45 UTC,Diana Gachoka,00:02:43,,No,Laikipia,Laikipia East,Ngobit,Makutano Ngobit spring,Makutano commmunity,2003,none,Protected spring,Surface Water – Spring,No Pump - Rope and Bucket,,,,,,1-3 Minutes,,,,,,,,,,,,,,,,0-5 Minutes,1.03,7.71,0,-0.08825333333333334,36.670565,2146.3,https://akvoflow-140.s3.amazonaws.com/images/52dcb723-eede-4865-b186-80152c85e938.jpg,-0.088393333,36.67039333,8.199999809
96x6-fjju-pjg1,1,Kona Mbaya borehole public tap,WB RM 20,135790001,05-09-2018 10:20:15 UTC,LaikipiaCounty1,00:07:02,11,No,Laikipia,Laikipia East,Ngobit,Kona Mbaya borehole public tap,uknown,9999,none,Public tap / standpipe,Ground Water - Borehole,Powered Pumps – Electrical (non-solar) Pump,,,,,,,,,,,,,,,,,,,,,,,1.82,7.96,1,-0.054636927118073796,36.72703830059742,2049.6258977006514,https://akvoflow-140.s3.amazonaws.com/images/61e34e9c-ba7f-4ac8-8914-274c048bbbaf.jpg,-0.054632382,36.72703881,6
veje-auat-xywb,1,segera withare water project,WB RM 20,131670036,05-09-2018 10:46:08 UTC,LaikipiaCounty1,00:03:50,11,Yes,Laikipia,Laikipia East,Ngobit,segera withare water project,water mission kenya,2017,NONE,Public tap / standpipe,Ground Water - Borehole,Powered Pumps – Solar Pump,,,,,,,,,,,,,,,,,,,,,,,1.32,8.05,0,-0.0425872458127594,36.71764541681696,2026.5060963216715,https://akvoflow-140.s3.amazonaws.com/images/8500974e-1757-4abc-9ceb-cce4747bcb65.jpg,-0.042631169,36.71761372,6
rpu3-hp8m-fkdr,1,Munyaka borehole windmill,WB RM Monda,141810049,05-09-2018 11:36:38 UTC,Edson Monda,00:05:21,,No,Laikipia,Laikipia East,Ngobit,Munyaka borehole windmill,robinno from italy,1993,UNKNOWN,"Tube Well, Borehole",,Other,,,,,,,,,,,,,,,,,,,,,,,1.46,7.43,0,-0.028066666666666667,36.716766666666665,1982.8,https://akvoflow-140.s3.amazonaws.com/images/adac5f1d-3ad5-40f7-a3cd-c798948d2c5a.jpg,-0.027846667,36.71677833,4.900000095
t43f-dqf3-n1mv,1,Munyaka ap post tank,WB RM 20,115890012,05-09-2018 12:43:49 UTC,LaikipiaCounty1,00:04:05,11,No,Laikipia,Laikipia East,Ngobit,Munyaka ap post tank,county government of laikipia,2015,none,"Piped into compound, yard or plot",Other,Other,,,,,,,Deficient,https://akvoflow-140.s3.amazonaws.com/images/fd46c179-d3dc-4c5a-b33a-5185824945ab.jpg,0.019252433,36.70588257,4,Acceptable,https://akvoflow-140.s3.amazonaws.com/images/af41c622-033c-4b14-b1e2-f279d2c33a8e.jpg,0.019300677,36.70586105,8,Acceptable,https://akvoflow-140.s3.amazonaws.com/images/09a13c15-a963-4608-b188-8546b00d070c.jpg,0.019252433,36.70588257,8,0-5 Minutes,<0.05,<6.5,0,0.019228785945245918,36.70585456377341,1965.2210392974343,https://akvoflow-140.s3.amazonaws.com/images/201d52ce-6feb-4a97-a1c0-f1119978e7da.jpg,0.019288759,36.70588443,8
t29g-dyeu-paux,1,Withare community borehole,WB RM 20,145470017,05-09-2018 14:32:25 UTC,LaikipiaCounty1,00:05:20,11,No,Laikipia,Laikipia East,Ngobit,Withare community borehole,NDMA,2017,unknown,Public tap / standpipe,Ground Water - Borehole,Powered Pumps – Diesel Pump,,,,,,,,,,,,,,,,,,,,,,,>2,8.05,0,-0.04336888045723269,36.75724043582533,2008.3662075054372,https://akvoflow-140.s3.amazonaws.com/images/6216ebef-4b84-4a8d-acfc-090db52735af.jpg,-0.043373346,36.7572867,4
61dp-9187-ws32,1,Withare dam,WB RM 20,117640002,07-09-2018 12:34:29 UTC,LaikipiaCounty1,00:04:18,11,No,Laikipia,Laikipia East,Ngobit,Withare dam,county government of laikipia,2000,none,Other,Other,No Pump – Hand dipped bucket or other container,,,,,,,,,,,,,,,,,,,,,,,>2,8.05,685,-0.040578050995139274,36.76131927395039,1991.9082072485614,https://akvoflow-140.s3.amazonaws.com/images/ce12e013-a24d-4091-8389-7f2b7e4be919.jpg,-0.040578051,36.76131927,4
r5d2-9wb5-75m7,1,Githira borehole,WB RM 20,125880005,07-09-2018 13:13:42 UTC,LaikipiaCounty1,00:07:42,11,Yes,Laikipia,Laikipia East,Ngobit,Githira borehole,National water,2017,none,Public tap / standpipe,Ground Water - Borehole,Powered Pumps – Diesel Pump,,,,,,,,,,,,,,,,,,,,,,,>2,7.89,0,-0.004891973379576958,36.78910847548702,1947.6540570562688,https://akvoflow-140.s3.amazonaws.com/images/ee31d89b-2fe4-4887-97fe-0bb07571740f.jpg,-0.004907609,36.7890593,4
vwh4-e0qq-mdmc,1,Gachoro Borehole,WB RM 20,133570006,07-09-2018 14:10:41 UTC,LaikipiaCounty1,00:03:34,11,No,Laikipia,Laikipia East,Ngobit,Gachoro Borehole,1999,2018,none,"Tube Well, Borehole",,Handpump – Afridev,Functional,https://akvoflow-140.s3.amazonaws.com/images/fe3e2c10-141b-4fc3-95a7-d0808d0d5efe.jpg,-0.035517604,36.77365046,4,1-3 Minutes,,,,,,,,,,,,,,,,,1.76,7.41,0,-0.03550755114802769,36.77362244901905,1975.0616735374565,https://akvoflow-140.s3.amazonaws.com/images/8f8a1173-9e0a-487e-8164-c58977848c58.jpg,-0.035507243,36.77361999,4
weas-wxde-jnq8,1,Ngobit river,WB RM 20,127850015,07-09-2018 14:34:53 UTC,LaikipiaCounty1,00:01:53,11,No,Laikipia,Laikipia East,Ngobit,Ngobit river,unknown,9999,none,Other,Surface Water – Flowing Stream/River,Gravity,,,,,,,,,,,,,,,,,,,,,,,0.39,7.84,32,-0.05588058629123161,36.78495444852382,1849.4679899571952,https://akvoflow-140.s3.amazonaws.com/images/fe131cd0-210b-472d-b654-9cf4f2c83f27.jpg,-0.055941745,36.78500877,6
wxx8-fx9y-xfw3,1,solio village 3 borehole,WB RM 20,127920001,10-09-2018 08:26:07 UTC,LaikipiaCounty1,00:08:09,11,Yes,Laikipia,Laikipia East,Tigithi,solio village 3 borehole,Tana water service board,2009,tana water services -water testing,Public tap / standpipe,Ground Water - Borehole,Powered Pumps – Electrical (non-solar) Pump,,,,,,,,,,,,,,,,,,,,,,,>2,7.50,5,-0.22142532977689222,36.99138251365579,1936.2295656197982,https://akvoflow-140.s3.amazonaws.com/images/13afb61a-9225-4ac2-aea2-7ad40a43fa0e.jpg,-0.221430677,36.99144114,4
kqxq-d00r-d0rt,1,DEB solio secondary,WB RM 20,114060012,10-09-2018 09:34:57 UTC,LaikipiaCounty1,00:17:20,11,No,Laikipia,Laikipia East,Tigithi,DEB solio secondary,the school,9999,none,"Piped into compound, yard or plot",Ground Water - Borehole,Gravity,,,,,,,Acceptable,https://akvoflow-140.s3.amazonaws.com/images/5d107637-2cd7-4119-ac21-3a4a19998d7c.jpg,-0.219074276,36.98926114,4,Acceptable,https://akvoflow-140.s3.amazonaws.com/images/46f8aa16-878c-4e84-9cb1-5ce4343a6de0.jpg,-0.219093887,36.98922265,16,Acceptable,https://akvoflow-140.s3.amazonaws.com/images/a2bd7e71-10f9-4f3e-943f-36af22ad5efe.jpg,-0.219074276,36.98926114,4,0-5 Minutes,1.89,7.77,5,-0.2190672886008044,36.989330394209645,1932.1592402711037,https://akvoflow-140.s3.amazonaws.com/images/39bdcf50-b93d-43b7-b81e-3d576d0e4df5.jpg,-0.219065993,36.98927515,8
gtvy-acjp-xaa6,1,solio village 7 borehole,WB RM 20,137610023,10-09-2018 10:13:06 UTC,LaikipiaCounty1,00:09:27,11,No,Laikipia,Laikipia East,Tigithi,solio village 7 borehole,Tana water,2009,none,Public tap / standpipe,Ground Water - Borehole,Powered Pumps – Electrical (non-solar) Pump,,,,,,,,,,,,,,,,,,,,,,,>2,7.55,-0,-0.25097611706693285,36.974377074318326,1868.6654519311992,https://akvoflow-140.s3.amazonaws.com/images/b7ef3c6a-561a-4f38-bb73-062e1c96fa9e.jpg,-0.250922014,36.9744098,6
gyfe-0g23-5cb0,1,baraka primary,WB RM 20,141940018,10-09-2018 10:55:21 UTC,LaikipiaCounty1,00:04:58,11,No,Laikipia,Laikipia East,Tigithi,baraka primary,the school,9999,none,"Piped into compound, yard or plot",Ground Water - Borehole,Gravity,,,,,,,Acceptable,https://akvoflow-140.s3.amazonaws.com/images/895b12a8-7ce1-40cf-953f-81986d02e8c3.jpg,-0.250817952,36.97827378,8,Acceptable,https://akvoflow-140.s3.amazonaws.com/images/fe9506b7-d8cb-468e-a6a8-4a577e94521b.jpg,-0.25086539,36.97815729,6,Acceptable,https://akvoflow-140.s3.amazonaws.com/images/eaf86e09-c13a-4a17-9e06-3be482c39058.jpg,-0.250855953,36.97819805,12,0-5 Minutes,>2,7.88,1,-0.2508082855090795,36.97827002727997,1881.2570010312065,https://akvoflow-140.s3.amazonaws.com/images/0a35f2e2-b6fb-4404-a35e-dfa34c716e0c.jpg,-0.250814397,36.97826652,6
1v25-1ypx-uux9,1,solio village 6 borehole,WB RM 20,125950005,10-09-2018 11:35:10 UTC,LaikipiaCounty1,00:02:47,11,No,Laikipia,Laikipia East,Tigithi,solio village 6 borehole,tana water,2009,none,Public tap / standpipe,Ground Water - Borehole,Powered Pumps – Electrical (non-solar) Pump,,,,,,,,,,,,,,,,,,,,,,,1.87,7.78,0,-0.2653143908536065,36.95676951023654,1863.5281733799936,https://akvoflow-140.s3.amazonaws.com/images/14a6f2fa-f5f8-462b-95b4-1e63c2435bc9.jpg,-0.265264135,36.95676045,6
x9xt-gvvk-1p5u,1,solio village 5,WB RM 20,131750018,10-09-2018 12:04:01 UTC,LaikipiaCounty1,00:02:12,11,No,Laikipia,Laikipia East,Tigithi,solio village 5,tana water,2009,none,Public tap / standpipe,Ground Water - Borehole,Powered Pumps – Electrical (non-solar) Pump,,,,,,,,,,,,,,,,,,,,,,,>2,>8.4,16,-0.2614385881928565,36.92550376055428,1914.7448035684329,https://akvoflow-140.s3.amazonaws.com/images/dbe178c1-308b-487d-93b6-c2e86b65302c.jpg,-0.261397437,36.92555262,6
2hc7-0wu9-u0ux,1,solio village 4,WB RM 20,130030007,10-09-2018 12:28:06 UTC,LaikipiaCounty1,00:01:40,11,No,Laikipia,Laikipia East,Tigithi,solio village 4,tana water,2009,none,Water kiosk,Ground Water - Borehole,Powered Pumps – Electrical (non-solar) Pump,,,,,,,,,,,,,,,,,,,,,,,1.89,8.09,0,-0.24675975751904744,36.946830080215506,1893.9786442517373,https://akvoflow-140.s3.amazonaws.com/images/fa834b76-5d3b-49df-b618-c4d960b3402a.jpg,-0.24676057,36.94682636,6
qg2g-xyrc-bevh,1,solio village 2,WB RM 20,149070008,10-09-2018 13:00:40 UTC,LaikipiaCounty1,00:02:40,11,No,Laikipia,Laikipia East,Tigithi,solio village 2,tana water,2009,none,Water kiosk,Ground Water - Borehole,Powered Pumps – Electrical (non-solar) Pump,,,,,,,,,,,,,,,,,,,,,,,>2,8.04,48,-0.20675408655209554,36.963758357247855,1888.703199559519,https://akvoflow-140.s3.amazonaws.com/images/146c8e16-a423-4918-8064-45e63cb19fe7.jpg,-0.206734704,36.96377308,6
58r2-cs62-ekf8,1,solio village 1,WB RM 20,141920022,10-09-2018 13:27:59 UTC,LaikipiaCounty1,00:04:20,11,Yes,Laikipia,Laikipia East,Tigithi,solio village 1,tana water,2009,none,Water kiosk,Ground Water - Borehole,Powered Pumps – Electrical (non-solar) Pump,,,,,,,,,,,,,,,,,,,,,,,1.83,>8.4,0,-0.19004457809725522,36.99377177643146,1924.1229474821023,https://akvoflow-140.s3.amazonaws.com/images/9ad0f594-728c-45af-9e82-8b0eca555f99.jpg,-0.190107669,36.99385371,4
wnmc-96v7-h9hy,1,Njoguini Hand pump,WB RM 4,135900001,13-09-2018 08:52:42 UTC,Diana Gachoka,00:04:07,,No,Laikipia,Laikipia East,Thingithu,Njoguini Hand pump,Jica,2016,unknown,"Tube Well, Borehole",,Handpump – India Mark II,Functional,https://akvoflow-140.s3.amazonaws.com/images/1794dc0f-8ccc-47e0-a527-e60b6ece6c77.jpg,0.00806,36.983125,6.400000095,1-3 Minutes,,,,,,,,,,,,,,,,,1.94,7.61,0,0.008061666666666667,36.98294833333333,1869.6,https://akvoflow-140.s3.amazonaws.com/images/5b45ea04-5440-48c3-b601-ad7a5e1398dd.jpg,,,
y8r2-ue5m-dkf,1,Njoguini dam,WB RM 4,125990001,13-09-2018 09:30:43 UTC,Diana Gachoka,00:02:29,,No,Laikipia,Laikipia East,Thingithu,Njoguini dam,unknown,9999,none,"Surface water (river, stream, dam, lake, pond, canal, irrigation channel)",,No Pump – Hand dipped bucket or other container,,,,,,,,,,,,,,,,,,,,,,,>2,7.58,>1000,0.0031883333333333334,36.98829,1860.1,https://akvoflow-140.s3.amazonaws.com/images/86a4938a-de4b-4136-bfd4-7d125f653fcc.jpg,,,
16tr-4sg2-4q1x,1,Francis Maina Farm,WB RM 4,114130002,13-09-2018 10:23:17 UTC,Diana Gachoka,00:06:29,,No,Laikipia,Laikipia East,Tigithi,Francis Maina Farm,Francis Maina,2014,none,"Tube Well, Borehole",,Powered Pumps – Diesel Pump,,,,,,,,,,,,,,,,,,,,,,,1.18,8.15,5,-0.03326166666666667,36.98595833333333,1801.0,https://akvoflow-140.s3.amazonaws.com/images/a4a8fa3e-fd40-42c0-b57e-32aec297c9e1.jpg,-0.03306,36.98617,7.5
pnmg-1yju-gqsh,1,Burgret river,WB RM 4,125980012,13-09-2018 10:55:17 UTC,Diana Gachoka,00:04:39,,No,Laikipia,Laikipia East,Tigithi,Burgret river,unknown,9999,unknown,"Surface water (river, stream, dam, lake, pond, canal, irrigation channel)",,No Pump – Hand dipped bucket or other container,,,,,,,,,,,,,,,,,,,,,,,0.38,7.43,30,-0.054941666666666666,36.967355,1796.5,https://akvoflow-140.s3.amazonaws.com/images/cc6e20b0-d40f-463a-8b6f-21b4ba3a0765.jpg,,,
badt-7ae3-x5ga,1,Tigithi river,WB RM 4,117800002,13-09-2018 11:23:28 UTC,Diana Gachoka,00:03:05,,No,Laikipia,Laikipia East,Tigithi,Tigithi river,unknown,9999,unknown,"Surface water (river, stream, dam, lake, pond, canal, irrigation channel)",,No Pump – Hand dipped bucket or other container,,,,,,,,,,,,,,,,,,,,,,,0.34,7.28,33,-0.06400666666666667,36.93698,1801.5,https://akvoflow-140.s3.amazonaws.com/images/dc58aa23-5d18-432e-9ab7-2af52e003ab2.jpg,,,
f9ma-eqdj-rvum,1,Wathituga river,WB RM 4,124140002,13-09-2018 13:51:43 UTC,Diana Gachoka,00:04:06,,No,Laikipia,Laikipia East,Tigithi,Wathituga river,unknown,9999,unknown,"Surface water (river, stream, dam, lake, pond, canal, irrigation channel)",,No Pump – Hand dipped bucket or other container,,,,,,,,,,,,,,,,,,,,,,,0.41,7.30,0,-0.025390000000000003,36.993745,1981.2,https://akvoflow-140.s3.amazonaws.com/images/156552b4-c07c-4a34-b457-934b08ea29b5.jpg,,,
18m0-dmwg-et47,1,Nkando dam,WB RM 4,124130008,14-09-2018 10:25:40 UTC,Diana Gachoka,00:02:47,,No,Laikipia,Laikipia East,Nanyuki,Nkando dam,unknown,9999,unknown,"Surface water (river, stream, dam, lake, pond, canal, irrigation channel)",,No Pump – Hand dipped bucket or other container,,,,,,,,,,,,,,,,,,,,,,,>2,7.75,211,0.056758333333333334,37.074936666666666,1890.6,https://akvoflow-140.s3.amazonaws.com/images/b639f4ca-3990-47f8-8b72-bdabcd49a514.jpg,,,
gxgs-n9ev-53tu,1,Nkando Borehole,WB RM 4,135930001,14-09-2018 10:50:00 UTC,Diana Gachoka,00:03:49,,No,Laikipia,Laikipia East,Nanyuki,Nkando Borehole,County Government of Laikipia,2018,unknown,"Tube Well, Borehole",,Powered Pumps – Solar Pump,,,,,,,,,,,,,,,,,,,,,,,1.45,7.39,4,0.056374999999999995,37.06130333333333,2090.8,https://akvoflow-140.s3.amazonaws.com/images/01590315-c813-41be-97b2-9105e7f1a450.jpg,0.057205,37.063595,9.5
1qww-v7et-j8x7,1,Mukuri-umoja hand pump,WB RM 4,131800001,14-09-2018 11:25:33 UTC,Diana Gachoka,00:05:03,,No,Laikipia,Laikipia East,Nanyuki,Mukuri-umoja hand pump,Jica,2016,unknown,"Tube Well, Borehole",,Handpump – Afridev,Partially Functional,https://akvoflow-140.s3.amazonaws.com/images/391bdbd6-c2fa-4f86-8636-d09e14c2b4eb.jpg,0.053776667,37.09452667,8.600000381,1-3 Minutes,,,,,,,,,,,,,,,,,1.76,7.13,0,0.05368333333333333,37.094485,1909.3,https://akvoflow-140.s3.amazonaws.com/images/0b57016b-abbc-49e1-ace7-8b8d064cf7db.jpg,,,
7g9f-n6pv-q85r,1,Nyariginyu secondary school,WB RM 4,130110003,14-09-2018 12:25:28 UTC,Diana Gachoka,00:10:57,,No,Laikipia,Laikipia East,Umande,Nyariginyu secondary school,Ministry of water,2012,none,"Piped into compound, yard or plot",Ground Water - Borehole,Powered Pumps – Diesel Pump,,,,,,,Good,https://akvoflow-140.s3.amazonaws.com/images/a635ba21-40c6-4e6b-b934-9773858ac1f3.jpg,0.058865,37.11375667,5.900000095,Good,https://akvoflow-140.s3.amazonaws.com/images/352f2e31-84d3-46f2-910a-09ded2b68d21.jpg,0.057768333,37.11346333,5.300000191,Good,https://akvoflow-140.s3.amazonaws.com/images/7e98fd1c-11ed-4d07-b426-b5a5fccdc88b.jpg,0.058738333,37.11329833,5.900000095,0-5 Minutes,1.11,7.33,0,0.05877333333333334,37.11352333333333,1976.1,https://akvoflow-140.s3.amazonaws.com/images/c473557a-d0f5-497e-afb0-698fb6652ca6.jpg,0.05865,37.11319833,6.300000191
e1me-g4mp-sdev,1,Kaichakun River,WB RM 5,143450001,19-09-2018 04:42:55 UTC,Mary Nyambura,00:10:09,,No,Laikipia,Laikipia West,Marmanet,Kaichakun River,None,2010,none,"Surface water (river, stream, dam, lake, pond, canal, irrigation channel)",,No Pump – Hand dipped bucket or other container,,,,,,,,,,,,,,,,,,,,,,,0.31,<6.5,37,0.17024999999999998,36.347881666666666,2259.0,https://akvoflow-140.s3.amazonaws.com/images/214ffefa-ba80-467f-ae39-2d4a03a08651.jpg,0.169953333,36.347965,13.30000019
p5gd-ebg3-st1q,1,Ol Morn borehole 2,WB RM 15,139840005,19-09-2018 07:40:08 UTC,M. Ngotho Muiruri,00:31:23,,Yes,Laikipia,Laikipia West,Ol-Moran,Ol Morn borehole 2,Ministry of water-National Government,2003,none,"Tube Well, Borehole",,Tapstand – Kiosk,,,,,,,,,,,,,,,,,,,,,,,0.70,7.53,0,0.537505,36.486335000000004,1964.5,https://akvoflow-140.s3.amazonaws.com/images/479e76e1-946a-41c6-aab9-c35288169ba6.jpg,,,
81pd-bq7b-8ff4,1,Barariru dam,WB RM 5,131840003,19-09-2018 08:16:42 UTC,Mary Nyambura,00:04:24,,No,Laikipia,Laikipia North,Sosian,Barariru dam,National government,2017,none,"Surface water (river, stream, dam, lake, pond, canal, irrigation channel)",,No Pump – Hand dipped bucket or other container,,,,,,,,,,,,,,,,,,,,,,,0.52,7.41,16,0.5498833333333334,36.525795,1865.4,https://akvoflow-140.s3.amazonaws.com/images/d0d0d8a7-44a3-4c99-9581-04bba341abed.jpg,0.549893333,36.52572833,7.599999905
wdxy-43ae-d6hr,1,Gathima,WB RM 15,114310004,19-09-2018 09:14:01 UTC,M. Ngotho Muiruri,00:05:28,,No,Laikipia,Laikipia West,Ol-Moran,Gathima,people dug the well,2009,non,Unprotected well,,No Pump – Hand dipped bucket or other container,,,,,,,,,,,,,,,,,,,,,,,0.55,6.52,7,0.5535083333333334,36.51564166666667,1898.6,https://akvoflow-140.s3.amazonaws.com/images/519f7475-82cf-470a-afae-0cd6c1a3e9de.jpg,0.553486667,36.51563833,7.699999809
bvn5-ann3-xw82,1,Olmoran Dam,WB RM 5,147560002,19-09-2018 09:57:33 UTC,Mary Nyambura,00:06:50,,No,Laikipia,Laikipia West,Ol-Moran,Olmoran Dam,community,1998,none,"Surface water (river, stream, dam, lake, pond, canal, irrigation channel)",,No Pump – Hand dipped bucket or other container,,,,,,,,,,,,,,,,,,,,,,,>2,7.56,>1000,0.5480766666666667,36.45345833333333,1967.1,https://akvoflow-140.s3.amazonaws.com/images/cd0ede13-7332-4155-9bd8-8eb6d55e0b1d.jpg,0.548075,36.45345667,6.199999809
d5hy-vw8g-0m0q,1,Mutaro,WB RM 5,114250001,19-09-2018 10:34:46 UTC,Mary Nyambura,00:04:37,,No,Laikipia,Laikipia West,Ol-Moran,Mutaro,community,1993,none,"Surface water (river, stream, dam, lake, pond, canal, irrigation channel)",,No Pump – Hand dipped bucket or other container,,,,,,,,,,,,,,,,,,,,,,,1.38,7.46,91,0.5259766666666666,36.47528833333333,1950.7,https://akvoflow-140.s3.amazonaws.com/images/2993d1f8-dc6a-421c-9638-218970307a63.jpg,0.525993333,36.47530333,8.399999619
8tr1-9ggr-g2hd,1,Mithuri Primary School,WB RM 5,147580002,19-09-2018 12:15:47 UTC,Mary Nyambura,00:06:38,,Yes,Laikipia,Laikipia West,Ol-Moran,Mithuri Primary School,CDF,2008,none,"Tube Well, Borehole",,Tapstand – Standpipe,,,,,,,,,,,,,,,,,,,,,,,0.78,7.86,4,0.44773833333333335,36.428005,2025.4,https://akvoflow-140.s3.amazonaws.com/images/c97c8ced-946a-4407-a732-324ca703e311.jpg,0.447738333,36.428005,12.39999962
rtfp-1grx-gea9,1,Marura dam,WB RM 15,128120022,19-09-2018 13:30:10 UTC,M. Ngotho Muiruri,00:07:14,,No,Laikipia,Laikipia West,Ol-Moran,Marura dam,white settler,2018,none,"Surface water (river, stream, dam, lake, pond, canal, irrigation channel)",,No Pump – Hand dipped bucket or other container,,,,,,,,,,,,,,,,,,,,,,,1.69,6.59,>1000,0.43722666666666665,36.430415,1999.6,https://akvoflow-140.s3.amazonaws.com/images/ebd08ae6-ecc2-47cf-9a36-67da787ee755.jpg,0.437226667,36.430415,7.800000191
3at8-w3fd-y168,1,Wangwachi dam,WB RM 5,114240006,19-09-2018 15:14:56 UTC,Mary Nyambura,00:15:37,,Yes,Laikipia,Laikipia West,Ol-Moran,Wangwachi dam,White settlers,1950,none,"Surface water (river, stream, dam, lake, pond, canal, irrigation channel)",,No Pump – Hand dipped bucket or other container,,,,,,,,,,,,,,,,,,,,,,,0.56,7.84,132,0.45983999999999997,36.36692333333334,1956.4,https://akvoflow-140.s3.amazonaws.com/images/a7371bdd-72f2-407f-a1a5-eb10ebe0ce2f.jpg,0.459843333,36.36703333,8.899999619
1jj4-5hpe-v21a,1,Keni dam,WB RM 15,139860014,20-09-2018 11:14:52 UTC,M. Ngotho Muiruri,00:24:47,,Yes,Laikipia,Laikipia West,Marmanet,Keni dam,white settler,1970,warma records,"Surface water (river, stream, dam, lake, pond, canal, irrigation channel)",,No Pump – Hand dipped bucket or other container,,,,,,,,,,,,,,,,,,,,,,,0.55,8.09,194,0.16908499999999999,36.39288,2065.1,https://akvoflow-140.s3.amazonaws.com/images/018f2eb6-bdb1-4085-87eb-5556ed241f2a.jpg,0.16907,36.39292167,7.800000191
wbru-4tee-f5h5,1,Gathima-ini spring,WB RM 15,130180029,20-09-2018 12:48:48 UTC,M. Ngotho Muiruri,00:15:09,,No,Laikipia,Laikipia West,Marmanet,Gathima-ini spring,danida through cdtf,1980,none,Protected spring,,No Pump – Hand dipped bucket or other container,,,,,,,,,,,,,,,,,,,,,,,0.62,<6.5,12,0.22755666666666666,36.39599333333333,2045.9,https://akvoflow-140.s3.amazonaws.com/images/cc569294-6c8b-4189-8d82-52c9efcf338f.jpg,0.227496667,36.39585667,7.800000191
hpd5-5jdp-4evc,1,Bauni dam,WB RM 15,126090029,20-09-2018 13:25:58 UTC,M. Ngotho Muiruri,00:21:15,,No,Laikipia,Laikipia West,Marmanet,Bauni dam,white settler,1950,none,"Surface water (river, stream, dam, lake, pond, canal, irrigation channel)",,No Pump – Hand dipped bucket or other container,,,,,,,,,,,,,,,,,,,,,,,>2,8.40,443,0.23439166666666666,36.452925,1959.1,https://akvoflow-140.s3.amazonaws.com/images/88db17d2-95e7-461a-87af-741a099b3db6.jpg,0.234356667,36.452745,7.800000191
twtw-fjqm-n0wc,1,Ngare Narok,WB RM 15,128100030,20-09-2018 13:55:32 UTC,M. Ngotho Muiruri,00:10:46,,No,Laikipia,Laikipia West,Rumuruti Township,Ngare Narok,none,0,none,"Surface water (river, stream, dam, lake, pond, canal, irrigation channel)",,No Pump – Hand dipped bucket or other container,,,,,,,,,,,,,,,,,,,,,,,0.60,7.87,74,0.26517666666666667,36.54790166666667,1812.3,https://akvoflow-140.s3.amazonaws.com/images/34c09fc3-a003-41ba-a0dc-5d19f5906833.jpg,0.265176667,36.54777167,7.800000191
qtmf-85vs-qdh0,1,Bubungi water kiosk,WB RM 15,128130008,20-09-2018 14:40:04 UTC,M. Ngotho Muiruri,00:05:28,,No,Laikipia,Laikipia West,Rumuruti Township,Bubungi water kiosk,Nyaulhruru water and sanitation co.,2015,water volume,Water kiosk,Surface Water – Flowing Stream/River,Tapstand – Kiosk,,,,,,,,,,,,,,,,,,,,,,,0.21,6.65,0,0.264415,36.51582666666666,1868.9,https://akvoflow-140.s3.amazonaws.com/images/c499352b-b8e5-4db5-a983-372608acf102.jpg,0.2644,36.51579167,7.900000095
rggg-65mc-rxmp,1,Njorua high school,WB RM 5,147590001,21-09-2018 07:42:32 UTC,Mary Nyambura,00:19:13,,No,Laikipia,Laikipia West,Githiga,Njorua high school,National water and county gvt,2013,none,"Tube Well, Borehole",,Powered Pumps – Diesel Pump,,,,,,,,,,,,,,,,,,,,,,,0.44,8.39,0,0.4118816666666667,36.33931833333334,2102.3,https://akvoflow-140.s3.amazonaws.com/images/46eb28fb-67ea-4964-8ce6-f88aac87dfe0.jpg,0.411968333,36.33921333,5.5
g4pq-qhhh-237t,1,Njorua Dam,WB RM 5,122100001,21-09-2018 08:02:57 UTC,Mary Nyambura,00:06:19,,No,Laikipia,Laikipia West,Githiga,Njorua Dam,White Settlers,1950,none,"Surface water (river, stream, dam, lake, pond, canal, irrigation channel)",,No Pump – Hand dipped bucket or other container,,,,,,,,,,,,,,,,,,,,,,,0.48,7.89,42,0.4116883333333333,36.331406666666666,2042.7,https://akvoflow-140.s3.amazonaws.com/images/3a2f3478-ee00-49d7-a7dc-65ae95d3f8df.jpg,0.411625,36.33132333,6.199999809
t43c-3u3j-2vam,1,Kamunju dam,WB RM 15,114300034,21-09-2018 09:34:13 UTC,M. Ngotho Muiruri,00:11:28,,No,Laikipia,Laikipia West,Githiga,Kamunju dam,white settler,1950,none,"Surface water (river, stream, dam, lake, pond, canal, irrigation channel)",,No Pump – Hand dipped bucket or other container,,,,,,,,,,,,,,,,,,,,,,,0.45,7.63,130,0.4447733333333333,36.29660666666667,2050.5,https://akvoflow-140.s3.amazonaws.com/images/d3e9f9b2-6091-4f29-8496-2dae359c5041.jpg,0.444766667,36.29662333,7.900000095
7695-9mbn-d8wp,1,Gataracha dam,WB RM 15,122090040,21-09-2018 10:06:34 UTC,M. Ngotho Muiruri,00:13:16,,Yes,Laikipia,Laikipia West,Githiga,Gataracha dam,White settlers,2017,water sampling,"Surface water (river, stream, dam, lake, pond, canal, irrigation channel)",,No Pump - Rope and Bucket,,,,,,,,,,,,,,,,,,,,,,,0.24,7.73,29,0.436285,36.30327666666667,2018.7,https://akvoflow-140.s3.amazonaws.com/images/7c621bf5-5282-4e46-9b01-f6ef6209bab3.jpg,0.436273333,36.303345,10.60000038
rpv1-0pd5-35es,1,Kinamba Catholic Dispensary Borehole,WB RM 15,114320014,21-09-2018 11:05:26 UTC,M. Ngotho Muiruri,00:15:47,,No,Laikipia,Laikipia West,Githiga,Kinamba Catholic Dispensary Borehole,Catholic missionaries,1990,none,"Tube Well, Borehole",,Powered Pumps – Solar Pump,,,,,,,,,,,,,,,,,,,,,,,0.13,7.33,-0,0.4109416666666667,36.31992833333334,2081.2,https://akvoflow-140.s3.amazonaws.com/images/710c7000-ac0c-4058-887d-a8da3b78856f.jpg,0.411085,36.31986333,7.900000095
x0jk-axdm-pgyk,1,Kinamba dam,WB RM 15,130180035,21-09-2018 11:13:57 UTC,M. Ngotho Muiruri,00:03:52,,No,Laikipia,Laikipia West,Githiga,Kinamba dam,White Settlers,1950,none,"Surface water (river, stream, dam, lake, pond, canal, irrigation channel)",,No Pump - Rope and Bucket,,,,,,,,,,,,,,,,,,,,,,,0.69,>8.4,50,0.4137066666666666,36.31065,2045.0,https://akvoflow-140.s3.amazonaws.com/images/9479065d-5935-454b-b0b8-279b28ce6f2e.jpg,0.413895,36.31032,7.800000191
8xsv-a8x7-ma6c,1,Kinamba police station,WB RM 5,136030002,21-09-2018 11:58:49 UTC,Mary Nyambura,00:18:23,,No,Laikipia,Laikipia West,Githiga,Kinamba police station,National government,2008,none,Public tap / standpipe,Ground Water - Borehole,Powered Pumps – Diesel Pump,,,,,,,Good,https://akvoflow-140.s3.amazonaws.com/images/7d42b089-830f-4759-aba7-5123d0daa213.jpg,0.4199,36.32197833,11.39999962,Good,https://akvoflow-140.s3.amazonaws.com/images/24e682c8-c884-4f55-a8bd-88e403be063a.jpg,0.412778333,36.31107833,14.80000019,Good,https://akvoflow-140.s3.amazonaws.com/images/0791be1b-1dcc-4544-8885-b4c2fcb4db87.jpg,0.419838333,36.32175167,11.5,5-10 Minutes,0.23,7.15,77,0.4198033333333333,36.32169666666667,2046.5,https://akvoflow-140.s3.amazonaws.com/images/fe89f3b3-4032-41d4-ab3c-c1ac5b505849.jpg,0.419875,36.32167667,12.30000019
mphr-c5sv-9j8v,1,Warero dam,WB RM 15,122140041,21-09-2018 13:21:31 UTC,M. Ngotho Muiruri,00:10:17,,No,Laikipia,Laikipia West,Githiga,Warero dam,white settler,2018,none,"Surface water (river, stream, dam, lake, pond, canal, irrigation channel)",,No Pump – Hand dipped bucket or other container,,,,,,,,,,,,,,,,,,,,,,,0.32,>8.4,81,0.3772766666666667,36.27773833333333,1922.1,https://akvoflow-140.s3.amazonaws.com/images/c920fb77-4040-442e-8948-ffb25d0a2447.jpg,0.377258333,36.27774833,7.900000095
8uun-jaks-x792,1,Ngarachi Dam,WB RM 5,147610004,22-09-2018 07:55:47 UTC,Mary Nyambura,00:05:05,,No,Laikipia,Laikipia West,Githiga,Ngarachi Dam,White Settllers,2018,none,"Surface water (river, stream, dam, lake, pond, canal, irrigation channel)",,No Pump – Hand dipped bucket or other container,,,,,,,,,,,,,,,,,,,,,,,0.39,7.75,121,0.36986,36.27104166666666,1922.9,https://akvoflow-140.s3.amazonaws.com/images/9d86a90b-6a33-41e4-9b81-439fef6005c3.jpg,0.369866667,36.27103333,4.699999809
pnw2-975s-dgv5,1,Limunga dam,WB RM 15,124220032,22-09-2018 10:05:58 UTC,M. Ngotho Muiruri,00:05:23,,No,Laikipia,Laikipia West,Marmanet,Limunga dam,white seetler,1950,none,"Surface water (river, stream, dam, lake, pond, canal, irrigation channel)",,No Pump - Rope and Bucket,,,,,,,,,,,,,,,,,,,,,,,0.43,8.05,60,0.22549000000000002,36.396589999999996,1999.0,https://akvoflow-140.s3.amazonaws.com/images/7e30e848-8609-4cc6-a7df-f740c9daa5eb.jpg,0.22578,36.39650333,11.39999962
u1rd-rjxj-k1xj,1,Karandi 1 Mangw'ano,WB RM 15,119870023,22-09-2018 10:45:58 UTC,M. Ngotho Muiruri,00:10:12,,No,Laikipia,Laikipia West,Marmanet,Karandi 1 Mangw'ano,none,0,none,"Surface water (river, stream, dam, lake, pond, canal, irrigation channel)",,No Pump - Rope and Bucket,,,,,,,,,,,,,,,,,,,,,,,0.26,7.44,39,0.12756833333333334,36.37873833333333,2158.1,https://akvoflow-140.s3.amazonaws.com/images/54201b05-47dc-458a-9213-d67a61ba7a09.jpg,0.127815,36.37868167,8.699999809
uvye-t7y0-s3wv,1,Gatero Girls dam,WB RM 15,139880029,22-09-2018 11:16:28 UTC,M. Ngotho Muiruri,00:02:28,,No,Laikipia,Laikipia West,Marmanet,Gatero Girls dam,white settler,0,none,"Surface water (river, stream, dam, lake, pond, canal, irrigation channel)",,No Pump – Hand dipped bucket or other container,,,,,,,,,,,,,,,,,,,,,,,0.16,8.00,30,0.17403166666666667,36.348616666666665,2197.1,https://akvoflow-140.s3.amazonaws.com/images/c81ea644-0bf7-4be0-8b43-be4d0acd85fd.jpg,0.17405,36.34857833,7.800000191
pvqg-nkhy-5y8w,1,Ol'arabel stream,WB RM 15,143480040,22-09-2018 11:41:34 UTC,M. Ngotho Muiruri,00:09:24,,No,Laikipia,Laikipia West,Marmanet,Ol'arabel stream,none,0,none,"Surface water (river, stream, dam, lake, pond, canal, irrigation channel)",,No Pump - Rope and Bucket,,,,,,,,,,,,,,,,,,,,,,,0.47,7.22,114,0.208565,36.32368333333333,2220.0,https://akvoflow-140.s3.amazonaws.com/images/2f4dba52-0fbc-454a-ab7b-e18b52958fee.jpg,0.208363333,36.324115,7.699999809
350u-bdx7-v5t7,1,Muthengera dam,WB RM 15,147620016,22-09-2018 12:06:35 UTC,M. Ngotho Muiruri,00:12:03,,No,Laikipia,Laikipia West,Marmanet,Muthengera dam,white settler,1950,none,"Surface water (river, stream, dam, lake, pond, canal, irrigation channel)",,No Pump - Rope and Bucket,,,,,,,,,,,,,,,,,,,,,,,0.25,7.45,40,0.20654333333333333,36.327329999999996,2182.5,https://akvoflow-140.s3.amazonaws.com/images/ff4e05b2-bb36-4bd3-8ddc-941244ac0835.jpg,0.20665,36.327075,7.699999809
y53f-hw7p-5a0y,1,Uwaso Narok stream,WB RM 15,139840040,22-09-2018 13:12:47 UTC,M. Ngotho Muiruri,00:06:00,,No,Laikipia,Laikipia West,Marmanet,Uwaso Narok stream,none,0,none,"Surface water (river, stream, dam, lake, pond, canal, irrigation channel)",,No Pump – Hand dipped bucket or other container,,,,,,,,,,,,,,,,,,,,,,,0.36,7.65,113,0.152065,36.369301666666665,2434.9,https://akvoflow-140.s3.amazonaws.com/images/78fbd387-e57e-40b9-ab72-4f7bb5390ac4.jpg,0.15379,36.36908,7.800000191
1hx8-msf2-h241,1,Jebi dam,WB RM 15,114320025,22-09-2018 14:21:35 UTC,M. Ngotho Muiruri,00:04:51,,No,Laikipia,Laikipia West,Marmanet,Jebi dam,white settler,1950,none,"Surface water (river, stream, dam, lake, pond, canal, irrigation channel)",,No Pump - Rope and Bucket,,,,,,,,,,,,,,,,,,,,,,,0.30,7.88,105,0.16811833333333331,36.384706666666666,1558.3,https://akvoflow-140.s3.amazonaws.com/images/49d9a26f-60bc-4477-906b-74b68f3e7723.jpg,0.168171667,36.38471333,8
9der-80r0-a9jh,1,Pesi River,WB RM 5,126170049,24-09-2018 06:57:04 UTC,Mary Nyambura,00:05:26,,No,Laikipia,Laikipia West,Salama,Pesi River,none,0,none,"Surface water (river, stream, dam, lake, pond, canal, irrigation channel)",,No Pump – Hand dipped bucket or other container,,,,,,,,,,,,,,,,,,,,,,,0.32,7.54,23,0.07846500000000001,36.58246666666666,1937.2,https://akvoflow-140.s3.amazonaws.com/images/2c120b9b-d692-4449-8c20-e9633d6b5c70.jpg,,,
juuh-7pd4-f6d,1,pesi stream,WB RM 15,126110001,24-09-2018 07:25:49 UTC,M. Ngotho Muiruri,00:08:33,,No,Laikipia,Laikipia West,Salama,pesi stream,none,0,none,"Surface water (river, stream, dam, lake, pond, canal, irrigation channel)",,No Pump – Hand dipped bucket or other container,,,,,,,,,,,,,,,,,,,,,,,0.88,7.96,36,0.08459166666666666,36.57835166666667,1949.6,https://akvoflow-140.s3.amazonaws.com/images/c5551a45-2bb8-48f9-93dd-6347b140ea00.jpg,0.08468,36.57833333,7.900000095
uxqx-cq9c-msqk,1,Mutara River,WB RM 5,130300048,24-09-2018 08:06:26 UTC,Mary Nyambura,00:02:45,,No,Laikipia,Laikipia West,Salama,Mutara River,none,0,none,"Surface water (river, stream, dam, lake, pond, canal, irrigation channel)",,No Pump – Hand dipped bucket or other container,,,,,,,,,,,,,,,,,,,,,,,0.69,7.59,115,0.04704166666666666,36.63227666666667,2064.4,https://akvoflow-140.s3.amazonaws.com/images/dcea48b3-01d4-4a8d-a544-73dae2861887.jpg,0.047041667,36.63227667,10.80000019
7v3q-q8s5-6m2v,1,Suguroi river,WB RM 15,126110003,24-09-2018 08:40:17 UTC,M. Ngotho Muiruri,00:04:36,,No,Laikipia,Laikipia West,Salama,Suguroi river,none,0,none,"Surface water (river, stream, dam, lake, pond, canal, irrigation channel)",,No Pump – Hand dipped bucket or other container,,,,,,,,,,,,,,,,,,,,,,,0.45,7.96,4,0.037455,36.645224999999996,1957.8,https://akvoflow-140.s3.amazonaws.com/images/99686a68-9726-4452-801d-40208b4f6b31.jpg,0.037556667,36.645415,7.800000191
e5v4-h2hq-ygnj,1,Dr Wachira sec School,WB RM 5,117940054,24-09-2018 09:20:48 UTC,Mary Nyambura,00:14:11,,Yes,Laikipia,Laikipia West,Salama,Dr Wachira sec School,kiangoru water project,2014,none,"Piped into compound, yard or plot",Surface Water – Flowing Stream/River,Gravity,,,,,,,Good,https://akvoflow-140.s3.amazonaws.com/images/ccf1a03b-6856-4302-b4ea-5810c9e8f195.jpg,0.04071,36.64026167,0,Good,https://akvoflow-140.s3.amazonaws.com/images/105771fa-b4fc-42cc-b807-f241f629eb76.jpg,0.044765,36.64364167,6.199999809,Acceptable,https://akvoflow-140.s3.amazonaws.com/images/9b409cbf-11a7-4550-91b4-3ff0dcf83fc5.jpg,0.044768333,36.64362167,5.900000095,5-10 Minutes,0.26,7.89,4,0.044825,36.64378,1999.4,https://akvoflow-140.s3.amazonaws.com/images/1cd40267-b6c9-47ed-a9c4-d5d7ecd4bdf4.jpg,0.04484,36.643955,9.100000381
csjd-39an-ypyf,1,kiamariga Borehole,WB RM 5,136090057,24-09-2018 10:19:32 UTC,Mary Nyambura,00:09:17,,No,Laikipia,Laikipia West,Salama,kiamariga Borehole,JICA,2018,none,"Tube Well, Borehole",,Handpump – Rope Pump,Functional,https://akvoflow-140.s3.amazonaws.com/images/d624f9fa-e869-4ac7-89ca-b8049fbd9b22.jpg,0.049378333,36.631205,7,5+ Minutes,,,,,,,,,,,,,,,,,>2,8.00,0,0.04935666666666667,36.63225333333333,1980.9,https://akvoflow-140.s3.amazonaws.com/images/d105f452-0fb1-40e8-bd36-b29dfbd7e5fc.jpg,0.04936,36.63222167,9.5
r1qt-dpuw-3md3,1,Mutara-Kiamariga borehole,WB RM 15,124290005,24-09-2018 12:25:27 UTC,M. Ngotho Muiruri,00:06:34,,Yes,Laikipia,Laikipia West,Salama,Mutara-Kiamariga borehole,ministry of water,2011,"warma, county govt","Tube Well, Borehole",,Powered Pumps – Diesel Pump,,,,,,,,,,,,,,,,,,,,,,,1.57,8.12,11,0.03577333333333333,36.613461666666666,2085.5,https://akvoflow-140.s3.amazonaws.com/images/e6b3d974-8263-4157-83dd-2d5fdfbd9141.jpg,0.035725,36.614135,7.800000191
cxb8-9784-yp7m,1,Ruai Dam-Mutara,WB RM 5,114420078,24-09-2018 13:09:32 UTC,Mary Nyambura,00:05:14,,Yes,Laikipia,Laikipia West,Salama,Ruai Dam-Mutara,Dutch company,1991,none,"Surface water (river, stream, dam, lake, pond, canal, irrigation channel)",,Gravity,,,,,,,,,,,,,,,,,,,,,,,1.93,7.38,185,0.041701666666666665,36.60002,2039.5,https://akvoflow-140.s3.amazonaws.com/images/6cfa6664-2caf-4237-94b9-0e67ea8e130d.jpg,0.041838333,36.59942667,11.10000038
haq1-4mc5-ymke,1,Nyahururu Water &Sanitation Co- Rumuruti Scheme,WB RM 5,137860070,25-09-2018 10:11:22 UTC,Mary Nyambura,00:33:05,,No,Laikipia,Laikipia West,Salama,Nyahururu Water &Sanitation Co- Rumuruti Scheme,Nyahururu Water & Sanitation Co,2017,water sampling,"Piped into compound, yard or plot",Surface Water – Flowing Stream/River,Tapstand – Standpipe,,,,,,,Acceptable,https://akvoflow-140.s3.amazonaws.com/images/8c036d60-77f7-4a5d-89f5-d49a12b2355c.jpg,0.258168333,36.54133333,8.300000191,Good,https://akvoflow-140.s3.amazonaws.com/images/71800f3a-c259-4803-8b22-a3ca06982de6.jpg,0.2646,36.53739833,6.800000191,Good,https://akvoflow-140.s3.amazonaws.com/images/81bc976e-f229-40ac-b8cb-b68d665ad04e.jpg,0.260608333,36.54150333,5.199999809,5-10 Minutes,0.14,6.98,0,0.2606883333333333,36.541491666666666,1853.8,https://akvoflow-140.s3.amazonaws.com/images/224c17ca-2ab4-40c8-bf62-c8cc1c3dfa62.jpg,0.26062,36.541505,5
exkh-7g32-skwp,1,calvert spring,WB RM 15,133950012,26-09-2018 10:57:41 UTC,M. Ngotho Muiruri,00:04:18,,No,Laikipia,Laikipia West,Igwati,calvert spring,none,0,none,Unprotected spring,,No Pump – Hand dipped bucket or other container,,,,,,,,,,,,,,,,,,,,,,,<0.05,6.76,6,0.07571666666666667,36.36168166666666,2098.7,https://akvoflow-140.s3.amazonaws.com/images/0b57f257-5af1-4546-a2c6-3f03a28bca0e.jpg,0.073961667,36.359275,12.89999962
s9b8-6b9w-08ew,1,uwaso nyiro stream,WB RM 15,139990010,26-09-2018 11:20:16 UTC,M. Ngotho Muiruri,00:15:02,,No,Laikipia,Laikipia West,Igwati,uwaso nyiro stream,none,0,none,"Surface water (river, stream, dam, lake, pond, canal, irrigation channel)",,No Pump – Hand dipped bucket or other container,,,,,,,,,,,,,,,,,,,,,,,0.24,7.26,7,0.06708833333333333,36.360321666666664,2303.1,https://akvoflow-140.s3.amazonaws.com/images/27dc4273-6b03-4919-9a85-ba5c80a78cef.jpg,0.066906667,36.36022333,7.900000095
dkrt-fcxq-e8me,1,sironi dam,WB RM 15,147710011,26-09-2018 12:03:51 UTC,M. Ngotho Muiruri,00:03:55,,No,Laikipia,Laikipia West,Marmanet,sironi dam,white settler,1950,none,"Surface water (river, stream, dam, lake, pond, canal, irrigation channel)",,No Pump – Hand dipped bucket or other container,,,,,,,,,,,,,,,,,,,,,,,0.36,8.35,38,0.13533833333333334,36.412074999999994,2190.2,https://akvoflow-140.s3.amazonaws.com/images/f30e0f73-e5bb-4ef6-b53b-25db856e1ea5.jpg,0.135295,36.41209833,12.5
eqmg-yy40-d0fm,1,hamuthioma dam,WB RM 15,143580008,26-09-2018 12:47:43 UTC,M. Ngotho Muiruri,00:08:37,,No,Laikipia,Laikipia West,Marmanet,hamuthioma dam,white settler,1950,none,"Surface water (river, stream, dam, lake, pond, canal, irrigation channel)",,No Pump – Hand dipped bucket or other container,,,,,,,,,,,,,,,,,,,,,,,0.55,8.00,106,0.11449666666666666,36.39459,2241.2,https://akvoflow-140.s3.amazonaws.com/images/7aba893b-2073-4a52-9f5c-ffa59ed71ddf.jpg,0.11511,36.39376833,8
2k1e-6rax-xb4t,1,mutamaiyu dam,WB RM 15,130260013,26-09-2018 13:36:39 UTC,M. Ngotho Muiruri,00:03:57,,No,Laikipia,Laikipia West,Rumuruti Township,mutamaiyu dam,white settler,1950,none,"Surface water (river, stream, dam, lake, pond, canal, irrigation channel)",,No Pump – Hand dipped bucket or other container,,,,,,,,,,,,,,,,,,,,,,,0.86,7.88,224,0.25251833333333334,36.49416166666666,1876.1,https://akvoflow-140.s3.amazonaws.com/images/00ca6fac-a2c8-4092-955c-c3409b75fb72.jpg,0.252488333,36.49403833,7.699999809
54ts-7ghc-s6bq,1,G.G. Boys Sec school,WB RM 15,137820004,27-09-2018 08:09:27 UTC,M. Ngotho Muiruri,00:21:26,,No,Laikipia,Laikipia West,Rumuruti Township,G.G. Boys Sec school,community,1990,none,"Surface water (river, stream, dam, lake, pond, canal, irrigation channel)",,Gravity,,,,,,,,,,,,,,,,,,,,,,,0.70,7.88,50,0.246505,36.545118333333335,1853.9,https://akvoflow-140.s3.amazonaws.com/images/261589fc-3d66-4668-84e1-7c5f2a3e8bf6.jpg,,,
duqj-9ap1-fue5,1,G.G Boys Sec School,WB RM 5,137860078,27-09-2018 08:15:03 UTC,Mary Nyambura,00:21:29,,No,Laikipia,Laikipia West,Rumuruti Township,G.G Boys Sec School,parents,2017,none,"Piped into compound, yard or plot",Ground Water - Borehole,Powered Pumps – Diesel Pump,,,,,,,Good,https://akvoflow-140.s3.amazonaws.com/images/fd99e237-e6bb-4e86-a9a2-d409c61ef048.jpg,0.24503,36.54662833,10.39999962,Acceptable,https://akvoflow-140.s3.amazonaws.com/images/bdd85fe5-287c-44f0-a211-96e3e2e4d5a0.jpg,0.24858,36.54794,12.10000038,Acceptable,https://akvoflow-140.s3.amazonaws.com/images/52740676-7c9f-4b45-9f66-ebc3a455aecb.jpg,0.245005,36.54663333,11,30+ Minutes,1.51,7.45,0,0.24492833333333333,36.546436666666665,1873.2,https://akvoflow-140.s3.amazonaws.com/images/d61190aa-0213-4a52-9ed5-d4b33c02f6b0.jpg,0.244928333,36.54643667,8.300000191
9bcn-1a17-38b4,1,Kaichakun spring,WB RM 15,145850004,27-09-2018 11:38:05 UTC,M. Ngotho Muiruri,00:07:56,,No,Laikipia,Laikipia West,Igwati,Kaichakun spring,volunteer,0,none,"Surface water (river, stream, dam, lake, pond, canal, irrigation channel)",,No Pump – Hand dipped bucket or other container,,,,,,,,,,,,,,,,,,,,,,,0.13,<6.5,11,0.16272999999999999,36.33455333333333,2313.8,https://akvoflow-140.s3.amazonaws.com/images/bc8c16fd-2975-4045-a9cd-7b1d4226f1b0.jpg,0.162275,36.33258,14.69999981
7mwt-py3g-vv0x,1,Ng'arachi dam,WB RM 15,122230007,27-09-2018 12:16:58 UTC,M. Ngotho Muiruri,00:06:19,,Yes,Laikipia,Laikipia West,Marmanet,Ng'arachi dam,white settler,1950,none,"Surface water (river, stream, dam, lake, pond, canal, irrigation channel)",,No Pump – Hand dipped bucket or other container,,,,,,,,,,,,,,,,,,,,,,,0.38,7.05,34,0.2208166666666667,36.32829,2130.5,https://akvoflow-140.s3.amazonaws.com/images/8ff09a64-095c-4452-95f0-7014ae1db83e.jpg,0.220988333,36.32808333,9
rkx2-vkwf-1x4s,1,Gatirima dam,WB RM 15,112040005,27-09-2018 14:26:32 UTC,M. Ngotho Muiruri,00:13:58,,No,Laikipia,Laikipia West,Marmanet,Gatirima dam,white settler,1950,none,"Surface water (river, stream, dam, lake, pond, canal, irrigation channel)",,No Pump – Hand dipped bucket or other container,,,,,,,,,,,,,,,,,,,,,,,0.35,7.53,78,0.3462866666666667,36.284774999999996,1443.4,https://akvoflow-140.s3.amazonaws.com/images/3255cb1b-c05d-431a-b623-cf7789859afb.jpg,,,
4kac-b50k-vk6j,1,Gatirima water project,WB RM 5,114420102,27-09-2018 14:32:49 UTC,Mary Nyambura,00:12:03,,No,Laikipia,Laikipia West,Marmanet,Gatirima water project,2016,2016,none,Protected spring,,Tapstand – Standpipe,,,,,,,,,,,,,,,,,,,,,,,0.19,8.29,0,0.3513733333333333,36.295755,2023.7,https://akvoflow-140.s3.amazonaws.com/images/7d3c61f2-cf23-4216-8d6d-9d883a8690d6.jpg,0.35139,36.29564833,8.199999809
271w-rxn4-h325,1,Ng'arachi River,WB RM 5,137860080,27-09-2018 14:38:12 UTC,Mary Nyambura,00:11:26,,No,Laikipia,Laikipia West,Marmanet,Ng'arachi River,none,0,none,"Surface water (river, stream, dam, lake, pond, canal, irrigation channel)",,No Pump – Hand dipped bucket or other container,,,,,,,,,,,,,,,,,,,,,,,0.46,7.93,48,0.27632999999999996,36.31641333333334,1999.9,https://akvoflow-140.s3.amazonaws.com/images/7a0d3c82-377d-442e-b913-0f176bdadfd5.jpg,0.276336667,36.31644333,10.19999981
f3r6-w5ha-16kw,1,Gatirima Kanini Dam,WB RM 5,116190038,27-09-2018 14:43:27 UTC,Mary Nyambura,00:09:55,,No,Laikipia,Laikipia West,Marmanet,Gatirima Kanini Dam,white Settlers,2013,none,"Surface water (river, stream, dam, lake, pond, canal, irrigation channel)",,No Pump – Hand dipped bucket or other container,,,,,,,,,,,,,,,,,,,,,,,0.65,8.01,5,0.342115,36.29631666666667,1933.1,https://akvoflow-140.s3.amazonaws.com/images/cab366e6-8f50-4380-a515-b76495db0a10.jpg,,,
hev1-1a86-3eaq,1,mahianyu well,WB RM 5,131990043,28-09-2018 07:04:44 UTC,Mary Nyambura,00:14:38,,Yes,Laikipia,Laikipia West,Salama,mahianyu well,Caritas Nyeri,2002,none,Protected well,,No Pump – Hand dipped bucket or other container,,,,,,,,,,,,,,,,,,,,,,,0.10,<6.5,0,0.09243666666666667,36.42229,2173.5,https://akvoflow-140.s3.amazonaws.com/images/83766dba-4d89-4f68-b537-f13620b7223b.jpg,0.092436667,36.42229,4.099999905
uek3-99ym-w8h9,1,mahianyu dam,WB RM 15,134010005,28-09-2018 07:06:35 UTC,M. Ngotho Muiruri,00:08:14,,Yes,Laikipia,Laikipia West,Salama,mahianyu dam,white settler,2018,none,"Surface water (river, stream, dam, lake, pond, canal, irrigation channel)",,No Pump – Hand dipped bucket or other container,,,,,,,,,,,,,,,,,,,,,,,0.44,7.34,19,0.09301666666666668,36.423453333333335,2233.1,https://akvoflow-140.s3.amazonaws.com/images/668cad53-750b-4547-aa9a-7092f2cd83f9.jpg,0.09227,36.42267167,7.099999905
fawf-pa64-bh01,1,Salama dam,WB RM 15,122230012,28-09-2018 09:09:03 UTC,M. Ngotho Muiruri,00:02:15,,No,Laikipia,Laikipia West,Salama,Salama dam,white settler,1950,none,"Surface water (river, stream, dam, lake, pond, canal, irrigation channel)",,No Pump – Hand dipped bucket or other container,,,,,,,,,,,,,,,,,,,,,,,1.12,7.21,12,0.130025,36.488931666666666,2102.0,https://akvoflow-140.s3.amazonaws.com/images/f02a3626-df5d-4e54-9654-2ed7a1976516.jpg,0.130025,36.48893167,9.800000191
pa2k-98n4-u0bm,1,munyu spring,WB RM 15,143620018,28-09-2018 11:30:01 UTC,M. Ngotho Muiruri,00:13:10,,Yes,Laikipia,Laikipia West,Marmanet,munyu spring,local community -kagongo self h. g.,2004,none,Protected spring,,Gravity,,,,,,,,,,,,,,,,,,,,,,,0.85,7.22,0,0.25160166666666667,36.39118666666666,1898.3,https://akvoflow-140.s3.amazonaws.com/images/2d1b9cb0-d7b2-479e-abef-79156516c695.jpg,0.251675,36.39239667,7.099999905
4w75-m7pf-s7v3,1,Salama Sec School,WB RM 5,112090005,28-09-2018 11:38:14 UTC,Mary Nyambura,00:13:12,,No,Laikipia,Laikipia West,Salama,Salama Sec School,National Government,2005,none,"Piped into compound, yard or plot",Ground Water - Borehole,Powered Pumps – Electrical (non-solar) Pump,,,,,,,Acceptable,https://akvoflow-140.s3.amazonaws.com/images/6d0d9177-11ea-4b0d-a956-3ef143cd3f6c.jpg,0.127326667,36.4937,10.10000038,Good,https://akvoflow-140.s3.amazonaws.com/images/64d86c3d-984d-49bb-9c1d-6bba084b39e0.jpg,0.127078333,36.494045,10.60000038,Acceptable,https://akvoflow-140.s3.amazonaws.com/images/b7949c8e-0816-48c2-b3c9-567aeea4bf62.jpg,0.126445,36.49433,6,10-20 Minutes,1.44,7.61,0,0.12647333333333333,36.49435166666667,2081.4,https://akvoflow-140.s3.amazonaws.com/images/187e2971-828b-49b6-ae42-8d148ac5cce6.jpg,0.126425,36.49436,6.599999905
bp1r-1yyr-vskn,1,Munyu Dam,WB RM 5,112090003,28-09-2018 11:45:50 UTC,Mary Nyambura,00:07:39,,No,Laikipia,Laikipia West,Marmanet,Munyu Dam,County Government of Laikipia,2017,none,"Surface water (river, stream, dam, lake, pond, canal, irrigation channel)",,No Pump – Hand dipped bucket or other container,,,,,,,,,,,,,,,,,,,,,,,1.26,8.07,634,0.25352833333333336,36.39237833333333,2014.0,https://akvoflow-140.s3.amazonaws.com/images/99f22b45-82e6-4692-86a3-62a96e53967d.jpg,0.253528333,36.39237833,7.300000191
4avx-921x-qny,1,Gathima water Project,WB RM 5,112060087,28-09-2018 12:01:58 UTC,Mary Nyambura,00:03:35,,No,Laikipia,Laikipia West,Marmanet,Gathima water Project,community,2015,none,Unprotected spring,,Gravity,,,,,,,,,,,,,,,,,,,,,,,0.20,7.35,60,0.2578816666666667,36.38867166666667,2069.0,https://akvoflow-140.s3.amazonaws.com/images/6b0bf7a3-28fe-4e0a-803c-4a0ab6794961.jpg,0.257843333,36.38874833,12.30000019
d71q-t4su-jv04,1,Munyu Borehole,WB RM 5,126180104,28-09-2018 12:31:34 UTC,Mary Nyambura,00:14:29,,No,Laikipia,Laikipia West,Marmanet,Munyu Borehole,JICA,2000,none,"Tube Well, Borehole",,Handpump – India Mark II,Functional,https://akvoflow-140.s3.amazonaws.com/images/a6f90a5e-f920-469a-887c-d405b39de4cc.jpg,0.26494,36.398485,10.39999962,5+ Minutes,,,,,,,,,,,,,,,,,1.16,7.97,0,0.2649916666666667,36.39865833333333,2064.3,https://akvoflow-140.s3.amazonaws.com/images/18f44a87-945f-4a9e-8521-2445276c54d8.jpg,0.265116667,36.39859333,8.399999619
3td5-65sg-jyr5,1,Gatami water prj,WB RM 15,137820027,28-09-2018 13:12:32 UTC,M. Ngotho Muiruri,00:17:19,,No,Laikipia,Laikipia West,Marmanet,Gatami water prj,cdf,1998,none,Protected spring,,Gravity,,,,,,,,,,,,,,,,,,,,,,,0.22,>8.4,0,0.273765,36.403443333333335,2078.8,https://akvoflow-140.s3.amazonaws.com/images/8c266371-fd71-42f8-9a6f-b82ece2fda98.jpg,0.273728333,36.40348,7.800000191
byrw-nhee-6gjw,1,Gashore spring,WB RM 5,136090117,28-09-2018 13:56:21 UTC,Mary Nyambura,00:03:31,,No,Laikipia,Laikipia West,Marmanet,Gashore spring,community,1990,None,Protected spring,,Gravity,,,,,,,,,,,,,,,,,,,,,,,0.16,6.61,46,0.27871666666666667,36.35663666666667,2026.1,https://akvoflow-140.s3.amazonaws.com/images/921bb63e-ab9a-4f74-8ef7-70e0ab77a05f.jpg,0.278701667,36.35659667,9.300000191
7hyw-qtxd-src7,1,karaba dam,WB RM 15,136070023,28-09-2018 14:04:20 UTC,M. Ngotho Muiruri,00:03:41,,No,Laikipia,Laikipia West,Marmanet,karaba dam,white settler,1950,none,"Surface water (river, stream, dam, lake, pond, canal, irrigation channel)",,No Pump – Hand dipped bucket or other container,,,,,,,,,,,,,,,,,,,,,,,0.96,8.04,237,0.33282,36.37533833333334,1948.0,https://akvoflow-140.s3.amazonaws.com/images/6a6e5b87-caed-49fa-a621-bc51711120a4.jpg,0.33282,36.37533833,8.199999809
4s6k-nty6-fu0s,1,senetwet dam,WB RM 5,116190071,28-09-2018 14:34:17 UTC,Mary Nyambura,00:12:32,,No,Laikipia,Laikipia West,Rumuruti Township,senetwet dam,White Settlers,1950,none,"Surface water (river, stream, dam, lake, pond, canal, irrigation channel)",,No Pump – Hand dipped bucket or other container,,,,,,,,,,,,,,,,,,,,,,,0.38,8.07,236,0.202455,36.47336,2035.2,https://akvoflow-140.s3.amazonaws.com/images/2e9c0d20-6705-464b-8836-ed46447673bd.jpg,0.202245,36.47352167,9.600000381
1jt4-ujvf-mvt7,1,Laikipia University spring,WB RM 15,117940026,29-09-2018 07:26:44 UTC,M. Ngotho Muiruri,00:11:08,,No,Laikipia,Laikipia West,Igwati,Laikipia University spring,none,0,none,Unprotected spring,,No Pump – Hand dipped bucket or other container,,,,,,,,,,,,,,,,,,,,,,,0.96,6.93,37,0.02603,36.27708833333334,2321.9,https://akvoflow-140.s3.amazonaws.com/images/d01a4fb4-ff97-4cd4-bf30-14d54e708b5f.jpg,0.026118333,36.27706833,8.199999809
6d5v-a4wu-6uu8,1,Njonjo Dam,WB RM 5,142220114,29-09-2018 07:36:47 UTC,Mary Nyambura,00:12:27,,No,Laikipia,Laikipia West,Igwati,Njonjo Dam,White Settlers,2016,none,"Surface water (river, stream, dam, lake, pond, canal, irrigation channel)",,No Pump – Hand dipped bucket or other container,,,,,,,,,,,,,,,,,,,,,,,0.35,7.63,16,0.013493333333333333,36.282225000000004,2500.2,https://akvoflow-140.s3.amazonaws.com/images/8bf81789-49fc-4aaf-b727-0985f5b74015.jpg,,,
47tc-nh2n-rv66,1,Tairi Mbili Dam,WB RM 15,128210039,29-09-2018 08:14:40 UTC,M. Ngotho Muiruri,00:06:25,,No,Laikipia,Laikipia West,Igwati,Tairi Mbili Dam,White Settlers,1950,none,"Surface water (river, stream, dam, lake, pond, canal, irrigation channel)",,No Pump – Hand dipped bucket or other container,,,,,,,,,,,,,,,,,,,,,,,0.33,7.61,2,0.04008833333333333,36.290531666666666,2549.3,https://akvoflow-140.s3.amazonaws.com/images/215d94e1-9c1a-4a0c-866c-2cb487dbb4d3.jpg,0.040088333,36.29053167,7.599999905
m7mn-282e-ppm5,1,Igwamiti water project,WB RM 5,137880032,29-09-2018 08:38:39 UTC,Mary Nyambura,00:10:41,,Yes,Laikipia,Laikipia West,Igwati,Igwamiti water project,Ministry of water,2012,none,Water kiosk,Surface Water – Spring,Tapstand – Kiosk,,,,,,,,,,,,,,,,,,,,,,,<0.05,<6.5,4,0.042311666666666664,36.29843666666667,2337.3,https://akvoflow-140.s3.amazonaws.com/images/8c8ee363-5483-4477-b47f-3d5b4c41286f.jpg,0.04251,36.29805667,15.5
r82p-k5fm-paav,1,isaac dam,WB RM 15,145850046,29-09-2018 09:45:19 UTC,M. Ngotho Muiruri,00:06:26,,No,Laikipia,Laikipia West,Igwati,isaac dam,white settler,1950,none,"Surface water (river, stream, dam, lake, pond, canal, irrigation channel)",,No Pump – Hand dipped bucket or other container,,,,,,,,,,,,,,,,,,,,,,,0.11,7.42,0,0.05647,36.33365166666667,2411.6,https://akvoflow-140.s3.amazonaws.com/images/54dbc29d-4af8-4b69-bcb9-6980a539a825.jpg,0.05647,36.33365167,7.5
d8sh-xb6u-8jg7,1,Maili saba Water kiosk,WB RM 5,147750095,29-09-2018 12:54:00 UTC,Mary Nyambura,00:06:58,,No,Laikipia,Laikipia West,Igwati,Maili saba Water kiosk,Nyahuwasco,2008,water sampling,Water kiosk,Surface Water – Flowing Stream/River,Tapstand – Kiosk,,,,,,,,,,,,,,,,,,,,,,,<0.05,6.57,3,0.11869,36.388625000000005,2294.9,https://akvoflow-140.s3.amazonaws.com/images/71ac75c1-6751-447b-96c9-bd97e288fbf4.jpg,,,
umj6-gu9v-2ndp,1,Nyahuwasco Water Supply,WB RM 5,112060097,29-09-2018 12:55:20 UTC,Mary Nyambura,00:18:37,,No,Laikipia,Laikipia West,Igwati,Nyahuwasco Water Supply,Kundaseen,2013,Water Sampling,"Piped into compound, yard or plot",Surface Water – Flowing Stream/River,Gravity,,,,,,,Good,https://akvoflow-140.s3.amazonaws.com/images/d8c5f6d5-c8b2-464e-93a9-50a0a7824143.jpg,0.043998333,36.37091333,8.600000381,Good,https://akvoflow-140.s3.amazonaws.com/images/b29c1c94-9a39-4142-9e47-82892757f052.jpg,0.054373333,36.36485833,10,Good,https://akvoflow-140.s3.amazonaws.com/images/b118f087-5d80-42ef-9fae-2137d8114103.jpg,0.054151667,36.36469333,7.599999905,30+ Minutes,0.36,7.36,9,0.05411,36.36483166666667,2376.3,https://akvoflow-140.s3.amazonaws.com/images/219f7580-0248-40a2-9c4a-2dc57493ff06.jpg,0.05411,36.36483167,7.5
h3uq-ekut-tt9v,1,645 water kiosk,WB RM 15,122230056,01-10-2018 05:09:23 UTC,M. Ngotho Muiruri,00:08:35,,No,Laikipia,Laikipia West,Igwati,645 water kiosk,Nyahuwasco,2008,water sampling,Water kiosk,Surface Water – Flowing Stream/River,Tapstand – Kiosk,,,,,,,,,,,,,,,,,,,,,,,0.42,7.32,1,0.034285,36.360508333333335,2365.5,https://akvoflow-140.s3.amazonaws.com/images/32eb6ecb-75d4-4416-a12b-15d4838cf8ce.jpg,0.03436,36.36056167,7.900000095
d55c-spvm-8a7u,1,Mwiremia water project,WB RM 15,132170001,16-10-2018 13:45:49 UTC,M. Ngotho Muiruri,00:08:48,,Yes,Laikipia,Laikipia East,Tigithi,Mwiremia water project,child fund kenya,2011,laikipia county govt,"Tube Well, Borehole",,Powered Pumps – Electrical (non-solar) Pump,,,,,,,,,,,,,,,,,,,,,,,0.20,6.89,1,-0.13984666666666667,36.97895166666667,1940.3,https://akvoflow-140.s3.amazonaws.com/images/59311887-94ef-4705-a40e-8a8e18eec4ec.jpg,-0.139846667,36.97895167,8.5
134j-fq8s-jbx0,1,Endana water project,WB RM 15,134150001,17-10-2018 07:24:18 UTC,M. Ngotho Muiruri,00:14:51,,Yes,Laikipia,Laikipia North,Segera,Endana water project,community and brazos pointe fellowship,2018,none,"Surface water (river, stream, dam, lake, pond, canal, irrigation channel)",,Powered Pumps – Solar Pump,,,,,,,,,,,,,,,,,,,,,,,0.38,7.75,214,0.15206833333333333,36.920505000000006,1762.7,https://akvoflow-140.s3.amazonaws.com/images/1cc3944e-eb2f-42d5-a523-09577cdb99d8.jpg,0.152011667,36.92058333,7.900000095
tbyf-xjbw-01y3,1,jerusalem water cellar 1,WB RM 15,138050012,17-10-2018 09:27:16 UTC,M. Ngotho Muiruri,00:02:30,,Yes,Laikipia,Laikipia North,Segera,jerusalem water cellar 1,zeitz foundation,2013,none,Rainwater collection,,,,,,,,,,,,,,,,,,,,,,,,,0.19,7.45,12,0.13991166666666668,36.86965166666666,1762.5,https://akvoflow-140.s3.amazonaws.com/images/04e61f4d-c774-4d25-9234-c94388d49172.jpg,0.139833333,36.86972333,7.300000191
cpba-6u4c-vca1,1,jerusaem water cellar 2,WB RM 15,130410004,17-10-2018 09:58:33 UTC,M. Ngotho Muiruri,00:05:18,,Yes,Laikipia,Laikipia North,Segera,jerusaem water cellar 2,zeitz foundation,2013,none,Rainwater collection,,,,,,,,,,,,,,,,,,,,,,,,,0.15,7.39,23,0.13984833333333332,36.86746,1739.5,https://akvoflow-140.s3.amazonaws.com/images/ee52daf5-a496-4984-84c8-4b749c417bff.jpg,0.139655,36.86740667,8
5p3w-ud4t-v9s6,1,Nazarene church,WB RM 15,128330005,17-10-2018 10:57:00 UTC,M. Ngotho Muiruri,00:05:41,,Yes,Laikipia,Laikipia North,Segera,Nazarene church,zeitz foundation,2013,none,Rainwater collection,,,,,,,,,,,,,,,,,,,,,,,,,0.12,6.59,0,0.15273833333333334,36.88095,1750.9,https://akvoflow-140.s3.amazonaws.com/images/b3acd948-ea6c-4d13-9143-6eef25afb2ab.jpg,0.152638333,36.880955,7.099999905
yuhe-aqqy-mbm0,1,tigithi water and sanitation,WB RM 15,118050001,18-10-2018 07:16:17 UTC,M. Ngotho Muiruri,00:27:25,,Yes,Laikipia,Laikipia East,Tigithi,tigithi water and sanitation,Ministry of water,2007,none,Public tap / standpipe,Surface Water – Flowing Stream/River,Gravity,,,,,,,Acceptable,https://akvoflow-140.s3.amazonaws.com/images/74b40129-cb26-41f8-ab9f-f3bf9990c19d.jpg,-0.064425,36.95763167,7.199999809,Acceptable,https://akvoflow-140.s3.amazonaws.com/images/54c040bb-ceef-441d-9061-b28fdf28f2fc.jpg,-0.06427,36.95759,7.800000191,Good,https://akvoflow-140.s3.amazonaws.com/images/1423c4f2-feaf-4cb4-a8b6-25c1fd06007c.jpg,-0.064316667,36.95778167,11.39999962,5-10 Minutes,0.10,7.77,17,-0.06427333333333334,36.9577,1833.7,https://akvoflow-140.s3.amazonaws.com/images/3b005c3e-1e4a-4a9f-9ada-15ad19302f01.jpg,-0.064273333,36.9577,9.600000381
fcde-wttp-k1pc,1,ex erok borehole,WB RM 15,136210002,18-10-2018 09:31:54 UTC,M. Ngotho Muiruri,00:10:00,,Yes,Laikipia,Laikipia East,Ngobit,ex erok borehole,well aware,2007,none,"Tube Well, Borehole",,Powered Pumps – Solar Pump,,,,,,,,,,,,,,,,,,,,,,,1.68,7.90,3,0.03224833333333334,36.72477833333333,1979.8,https://akvoflow-140.s3.amazonaws.com/images/a6fff772-54c2-4340-a786-cfdd80a5fb92.jpg,0.032393333,36.72477667,7.699999809
gsev-u2ey-dwyh,1,segera munyaka dam,WB RM 15,147960002,18-10-2018 10:21:17 UTC,M. Ngotho Muiruri,00:04:10,,Yes,Laikipia,Laikipia East,Ngobit,segera munyaka dam,white settler,1950,none,"Surface water (river, stream, dam, lake, pond, canal, irrigation channel)",,No Pump – Hand dipped bucket or other container,,,,,,,,,,,,,,,,,,,,,,,>2,7.66,525,0.003045,36.69954,1998.1,https://akvoflow-140.s3.amazonaws.com/images/fa692681-1ec0-4468-84cf-4c82d6dce07e.jpg,0.00299,36.69968333,7.800000191
187y-s66a-cnwg,1,Munyaka center borehole,WB RM 15,147970002,18-10-2018 11:03:01 UTC,M. Ngotho Muiruri,00:07:58,,Yes,Laikipia,Laikipia East,Ngobit,Munyaka center borehole,national govt,2010,county govt,"Tube Well, Borehole",,Powered Pumps – Diesel Pump,,,,,,,,,,,,,,,,,,,,,,,1.93,8.27,0,-0.006743333333333334,36.70710166666667,2048.7,https://akvoflow-140.s3.amazonaws.com/images/64808200-ce16-4a07-935b-b2469d5e66b4.jpg,-0.00679,36.70719833,7.900000095
cp7r-q6mf-bu8m,1,munyaka kijito borehole,WB RM 15,134190003,18-10-2018 11:51:47 UTC,M. Ngotho Muiruri,00:04:47,,Yes,Laikipia,Laikipia East,Ngobit,munyaka kijito borehole,lottery club - italy,1993,none,"Tube Well, Borehole",,Other,,,,,,,,,,,,,,,,,,,,,,,1.27,7.95,0,-0.027545,36.716715,2023.5,https://akvoflow-140.s3.amazonaws.com/images/471a8b45-5133-49d1-91e2-c406a4a604ea.jpg,-0.027565,36.71675167,8.199999809
2ekk-p5ry-v4wp,1,segera borehole,WB RM 15,134150057,18-10-2018 12:44:43 UTC,M. Ngotho Muiruri,00:02:46,,Yes,Laikipia,Laikipia East,Ngobit,segera borehole,jica,2000,none,"Tube Well, Borehole",,Handpump – India Mark II,Functional,https://akvoflow-140.s3.amazonaws.com/images/f9460ac1-cc5d-4e2d-a33d-38f85eacf742.jpg,-0.050673333,36.70799833,7.900000095,1-3 Minutes,,,,,,,,,,,,,,,,,1.54,7.92,2,-0.050666666666666665,36.707573333333336,2056.8,https://akvoflow-140.s3.amazonaws.com/images/45f3c4da-c7df-48bd-8f6a-9cc47a2dd511.jpg,-0.05063,36.70775167,7.5
tusn-9hmp-3dx8,1,mutaro-gatarakwa irrigation project,WB RM 15,112170037,18-10-2018 14:45:39 UTC,M. Ngotho Muiruri,00:04:36,,Yes,Laikipia,Laikipia East,Ngobit,mutaro-gatarakwa irrigation project,provincial irrigation unit - nakuru,1983,cdf,"Surface water (river, stream, dam, lake, pond, canal, irrigation channel)",,No Pump – Hand dipped bucket or other container,,,,,,,,,,,,,,,,,,,,,,,0.23,7.76,76,-0.04574,36.795761666666664,1857.0,https://akvoflow-140.s3.amazonaws.com/images/b2982a74-e991-42e1-8ea2-d09fd0e4e112.jpg,-0.045731667,36.795745,7.599999905
jw5g-4q8p-ndvb,1,ereri borehole,WB RM 15,147970030,19-10-2018 10:14:07 UTC,M. Ngotho Muiruri,00:05:35,,Yes,Laikipia,Laikipia North,Segera,ereri borehole,four-ten foundation,2003,none,"Tube Well, Borehole",,Powered Pumps – Electrical (non-solar) Pump,,,,,,,,,,,,,,,,,,,,,,,>2,7.64,0,0.10854666666666667,36.952815,1797.5,https://akvoflow-140.s3.amazonaws.com/images/43c4a66a-df84-42e5-bbab-069d1b8bc314.jpg,0.108625,36.95286667,9.899999619
14m8-03eb-9h75,1,tumaini water project,WB RM 15,126340030,19-10-2018 11:52:27 UTC,M. Ngotho Muiruri,00:13:33,,Yes,Laikipia,Laikipia North,Segera,tumaini water project,mukima community,1990,none,"Piped into compound, yard or plot",Surface Water –Dry Stream/River,Gravity,,,,,,,Unable to observe,https://akvoflow-140.s3.amazonaws.com/images/cbc578a2-4462-4db4-9b53-d40eed00e3ec.jpg,0.095453333,37.044545,14.89999962,Unable to observe,https://akvoflow-140.s3.amazonaws.com/images/3c648e6f-1e9b-470b-bed5-03aaad05e0e4.jpg,0.095666667,37.04455333,12,Unable to observe,https://akvoflow-140.s3.amazonaws.com/images/12f8cd55-9d34-4b0b-8ea3-de46bd8d8c22.jpg,0.09551,37.04452333,8.699999809,5-10 Minutes,0.18,<6.5,46,0.09550499999999999,37.044675,1846.6,https://akvoflow-140.s3.amazonaws.com/images/6fa69f62-bc7d-4fa7-97aa-cfe843ad950a.jpg,0.095513333,37.04458167,8.600000381
muvx-yptc-hb6m,1,onturiri water project,WB RM 15,147970048,19-10-2018 13:50:04 UTC,M. Ngotho Muiruri,00:09:06,,Yes,Laikipia,Laikipia East,Umande,onturiri water project,community,1992,none,Public tap / standpipe,Surface Water – Flowing Stream/River,Gravity,,,,,,,Unable to observe,https://akvoflow-140.s3.amazonaws.com/images/c003c68d-1cf3-472a-afb5-434edca42259.jpg,0.057426667,37.11349167,7.699999809,Good,https://akvoflow-140.s3.amazonaws.com/images/11810e12-69c3-4ab7-b202-49b5a66c832f.jpg,0.057453333,37.11340833,7.800000191,Good,https://akvoflow-140.s3.amazonaws.com/images/f14fde6b-e87f-47b3-9b44-c8373e111155.jpg,0.057481667,37.11338833,7.699999809,0-5 Minutes,0.05,7.31,9,0.05742666666666667,37.11339666666667,1974.7,https://akvoflow-140.s3.amazonaws.com/images/74fce38d-2698-4642-ba9d-369fcad52830.jpg,0.057381667,37.11363833,7.599999905
4v8d-wrqk-g5uy,1,mukuri borehole,WB RM 15,128370125,19-10-2018 14:43:24 UTC,M. Ngotho Muiruri,00:10:17,,Yes,Laikipia,Laikipia East,Umande,mukuri borehole,jica,1995,none,"Tube Well, Borehole",,Handpump – Afridev,Partially Functional,https://akvoflow-140.s3.amazonaws.com/images/9e858443-eca9-4a30-a425-1c6c39cd9c8c.jpg,0.053733333,37.09491667,15.5,3-5 Minutes,,,,,,,,,,,,,,,,,0.16,7.74,8,0.05377333333333333,37.094728333333336,1899.6,https://akvoflow-140.s3.amazonaws.com/images/7cf859ca-047f-4ac4-8994-ab15bad76aa4.jpg,0.053713333,37.09473833,7.900000095
dfm7-8mw2-dxg2,1,mutitu water and sanitation,WB RM 15,122470006,21-10-2018 09:59:54 UTC,M. Ngotho Muiruri,00:09:55,,Yes,Laikipia,Laikipia East,Ngobit,mutitu water and sanitation,community,2017,none,Public tap / standpipe,Surface Water – Flowing Stream/River,Tapstand – Standpipe,,,,,,,Unable to observe,https://akvoflow-140.s3.amazonaws.com/images/c1c3ac99-d48f-4d43-ae26-e1391a9c7f8f.jpg,-0.121463333,36.85658333,7.300000191,Good,https://akvoflow-140.s3.amazonaws.com/images/8b3dd4b2-a757-4bfd-832a-4894e6a0dbc7.jpg,-0.121563333,36.85675833,8.800000191,Acceptable,https://akvoflow-140.s3.amazonaws.com/images/fb1e9255-e504-4c10-a5aa-eb9abc7c0e25.jpg,-0.121413333,36.85647,7.800000191,5-10 Minutes,<0.05,8.03,11,-0.12141166666666667,36.856473333333334,1916.6,https://akvoflow-140.s3.amazonaws.com/images/96608bab-278a-4d54-a4c5-bf8c9dc4f85a.jpg,-0.121391667,36.85644167,7.699999809
nu6y-m261-1bqx,1,ngobit water project,WB RM 15,148000011,21-10-2018 12:55:31 UTC,M. Ngotho Muiruri,00:13:00,,Yes,Laikipia,Laikipia East,Ngobit,ngobit water project,caritas - nyeri,2010,warma,"Piped into compound, yard or plot",Surface Water – Flowing Stream/River,Gravity,,,,,,,Unable to observe,https://akvoflow-140.s3.amazonaws.com/images/1fe3ad2e-2463-46f1-8887-00dbde0e656a.jpg,-0.073273333,36.66491,7.5,Good,https://akvoflow-140.s3.amazonaws.com/images/3b04cc28-f69a-4b00-a80e-4d8986765c47.jpg,-0.07328,36.66491667,7.400000095,Deficient,https://akvoflow-140.s3.amazonaws.com/images/0b6b3519-33a0-4538-b00c-cefa48e8a6b5.jpg,-0.074205,36.66739,7.900000095,10-20 Minutes,0.13,7.46,19,-0.07419833333333334,36.66737666666667,2034.7,https://akvoflow-140.s3.amazonaws.com/images/67bf9856-9a61-48ee-a33b-bbb9a9235e70.jpg,-0.074228333,36.66738,7.900000095
t85y-mppu-kbsv,1,imenye dam,WB RM 15,138070050,21-10-2018 13:37:00 UTC,M. Ngotho Muiruri,00:03:23,,Yes,Laikipia,Laikipia East,Ngobit,imenye dam,community,2018,none,"Surface water (river, stream, dam, lake, pond, canal, irrigation channel)",,No Pump – Hand dipped bucket or other container,,,,,,,,,,,,,,,,,,,,,,,>2,8.08,378,-0.07236666666666666,36.681934999999996,2088.6,https://akvoflow-140.s3.amazonaws.com/images/4dd5b013-5d0b-4ada-9535-09d2dcf17858.jpg,-0.072536667,36.68192167,7.5
pu02-ng1b-bk0k,1,mwakinya water pan,WB RM 15,134210017,21-10-2018 14:45:09 UTC,M. Ngotho Muiruri,00:09:21,,Yes,Laikipia,Laikipia East,Ngobit,mwakinya water pan,nationa drought management authority,2013,none,"Surface water (river, stream, dam, lake, pond, canal, irrigation channel)",,No Pump – Hand dipped bucket or other container,,,,,,,,,,,,,,,,,,,,,,,>2,8.28,231,-0.07098,36.84319333333334,1862.8,https://akvoflow-140.s3.amazonaws.com/images/86cf43cf-187a-4b74-86fb-3bd73e3f5dd5.jpg,-0.070961667,36.84318833,7.199999809
g5j1-6cv5-y68a,1,wamani borehole,WB RM 15,140230018,21-10-2018 15:24:14 UTC,M. Ngotho Muiruri,00:09:01,,Yes,Laikipia,Laikipia East,Ngobit,wamani borehole,jica,1999,none,"Tube Well, Borehole",,Handpump – India Mark II,Locked/No Access at Time of Visit,https://akvoflow-140.s3.amazonaws.com/images/dac02dae-6ec3-406a-afc9-c4933bdcacbc.jpg,-0.10699,36.84123667,7.699999809,1-3 Minutes,,,,,,,,,,,,,,,,,0.07,7.01,17,-0.10696833333333333,36.841181666666664,1943.6,https://akvoflow-140.s3.amazonaws.com/images/3341bb01-bcda-42a8-a0ac-798814bb3505.jpg,-0.106915,36.84119,7.800000191
wbbs-hy7v-6g3f,1,gathima ka muhonia,WB RM 15,147990040,22-10-2018 08:35:42 UTC,M. Ngotho Muiruri,00:03:22,,Yes,Laikipia,Laikipia East,Ngobit,gathima ka muhonia,cdf,2003,minustry of health,Protected spring,,No Pump – Hand dipped bucket or other container,,,,,,,,,,,,,,,,,,,,,,,1.37,7.77,0,-0.07440000000000001,36.79040666666666,1990.9,https://akvoflow-140.s3.amazonaws.com/images/12bc498c-98c8-4c7e-ace3-b3eab7bd3aff.jpg,-0.074473333,36.79051167,7.599999905
n18f-1444-u59y,1,gachoro spring,WB RM 15,118100055,22-10-2018 10:36:24 UTC,M. Ngotho Muiruri,00:02:19,,Yes,Laikipia,Laikipia East,Ngobit,gachoro spring,none,0,none,Protected spring,,No Pump – Hand dipped bucket or other container,,,,,,,,,,,,,,,,,,,,,,,1.00,7.81,64,-0.028425,36.78865666666666,1778.7,https://akvoflow-140.s3.amazonaws.com/images/8cdcde87-9a34-4ea7-813d-5fa87ec3f7a7.jpg,-0.028396667,36.7887,7.800000191
ag10-wk0b-tahf,1,tharua river,WB RM 15,134230036,22-10-2018 12:00:11 UTC,M. Ngotho Muiruri,00:04:07,,Yes,Laikipia,Laikipia East,Ngobit,tharua river,none,0,wrua,"Surface water (river, stream, dam, lake, pond, canal, irrigation channel)",,No Pump – Hand dipped bucket or other container,,,,,,,,,,,,,,,,,,,,,,,0.56,8.06,43,-0.11507,36.88788666666667,1855.2,https://akvoflow-140.s3.amazonaws.com/images/692bb852-565d-42d9-b1ef-f9561c878df1.jpg,-0.115031667,36.88796833,7.699999809
fnnp-bama-uaa5,1,mwiyogo,WB RM 15,140210071,22-10-2018 12:26:42 UTC,M. Ngotho Muiruri,00:05:52,,Yes,Laikipia,Laikipia East,Tigithi,mwiyogo,none,0,wrua,"Surface water (river, stream, dam, lake, pond, canal, irrigation channel)",,Powered Pumps – Diesel Pump,,,,,,,,,,,,,,,,,,,,,,,1.05,7.97,419,-0.09867666666666668,36.922201666666666,1822.1,https://akvoflow-140.s3.amazonaws.com/images/18d550a1-dd0c-4db7-b42d-db677e85c9b0.jpg,-0.098685,36.922095,7.599999905